cowcode2;ccdcodelet
700;AFG
700;AFG
700;AFG
700;AFG
700;AFG
700;AFG
700;AFG
700;AFG
700;AFG
700;AFG
700;AFG
700;AFG
700;AFG
700;AFG
700;AFG
700;AFG
700;AFG
700;AFG
700;AFG
700;AFG
700;AFG
700;AFG
700;AFG
700;AFG
700;AFG
700;AFG
700;AFG
700;AFG
700;AFG
700;AFG
700;AFG
700;AFG
700;AFG
700;AFG
700;AFG
700;AFG
700;AFG
700;AFG
700;AFG
700;AFG
700;AFG
700;AFG
700;AFG
700;AFG
700;AFG
700;AFG
700;AFG
700;AFG
700;AFG
700;AFG
700;AFG
700;AFG
700;AFG
700;AFG
700;AFG
700;AFG
700;AFG
700;AFG
700;AFG
700;AFG
700;AFG
700;AFG
700;AFG
339;ALB
339;ALB
339;ALB
339;ALB
339;ALB
339;ALB
339;ALB
339;ALB
339;ALB
339;ALB
339;ALB
339;ALB
339;ALB
339;ALB
339;ALB
339;ALB
339;ALB
339;ALB
339;ALB
339;ALB
339;ALB
339;ALB
339;ALB
339;ALB
339;ALB
339;ALB
339;ALB
339;ALB
339;ALB
339;ALB
339;ALB
339;ALB
339;ALB
339;ALB
339;ALB
339;ALB
339;ALB
339;ALB
339;ALB
339;ALB
339;ALB
339;ALB
339;ALB
339;ALB
339;ALB
339;ALB
339;ALB
339;ALB
339;ALB
339;ALB
339;ALB
339;ALB
339;ALB
339;ALB
339;ALB
339;ALB
339;ALB
339;ALB
339;ALB
339;ALB
339;ALB
339;ALB
339;ALB
615;DZA
615;DZA
615;DZA
615;DZA
615;DZA
615;DZA
615;DZA
615;DZA
615;DZA
615;DZA
615;DZA
615;DZA
615;DZA
615;DZA
615;DZA
615;DZA
615;DZA
615;DZA
615;DZA
615;DZA
615;DZA
615;DZA
615;DZA
615;DZA
615;DZA
615;DZA
615;DZA
615;DZA
615;DZA
615;DZA
615;DZA
615;DZA
615;DZA
615;DZA
615;DZA
615;DZA
615;DZA
615;DZA
615;DZA
615;DZA
615;DZA
615;DZA
615;DZA
615;DZA
615;DZA
615;DZA
615;DZA
232;ARR
232;ARR
232;ARR
232;ARR
232;ARR
232;ARR
232;ARR
232;ARR
232;ARR
232;ARR
232;ARR
232;ARR
232;ARR
232;ARR
232;ARR
232;ARR
540;AGO
540;AGO
540;AGO
540;AGO
540;AGO
540;AGO
540;AGO
540;AGO
540;AGO
540;AGO
540;AGO
540;AGO
540;AGO
540;AGO
540;AGO
540;AGO
540;AGO
540;AGO
540;AGO
540;AGO
540;AGO
540;AGO
540;AGO
540;AGO
540;AGO
540;AGO
540;AGO
540;AGO
540;AGO
540;AGO
540;AGO
540;AGO
540;AGO
540;AGO
58;ATG
58;ATG
58;ATG
58;ATG
58;ATG
58;ATG
58;ATG
58;ATG
58;ATG
58;ATG
58;ATG
58;ATG
58;ATG
58;ATG
58;ATG
58;ATG
58;ATG
58;ATG
58;ATG
58;ATG
58;ATG
58;ATG
58;ATG
58;ATG
58;ATG
58;ATG
58;ATG
58;ATG
160;ARG
160;ARG
160;ARG
160;ARG
160;ARG
160;ARG
160;ARG
160;ARG
160;ARG
160;ARG
160;ARG
160;ARG
160;ARG
160;ARG
160;ARG
160;ARG
160;ARG
160;ARG
160;ARG
160;ARG
160;ARG
160;ARG
160;ARG
160;ARG
160;ARG
160;ARG
160;ARG
160;ARG
160;ARG
160;ARG
160;ARG
160;ARG
160;ARG
160;ARG
160;ARG
160;ARG
160;ARG
160;ARG
160;ARG
160;ARG
160;ARG
160;ARG
160;ARG
160;ARG
160;ARG
160;ARG
160;ARG
160;ARG
160;ARG
160;ARG
160;ARG
160;ARG
160;ARG
160;ARG
160;ARG
160;ARG
160;ARG
160;ARG
160;ARG
160;ARG
160;ARG
160;ARG
160;ARG
371;ARM
371;ARM
371;ARM
371;ARM
371;ARM
371;ARM
371;ARM
371;ARM
371;ARM
371;ARM
371;ARM
371;ARM
371;ARM
371;ARM
371;ARM
371;ARM
371;ARM
371;ARM
900;AUS
900;AUS
900;AUS
900;AUS
900;AUS
900;AUS
900;AUS
900;AUS
900;AUS
900;AUS
900;AUS
900;AUS
900;AUS
900;AUS
900;AUS
900;AUS
900;AUS
900;AUS
900;AUS
900;AUS
900;AUS
900;AUS
900;AUS
900;AUS
900;AUS
900;AUS
900;AUS
900;AUS
900;AUS
900;AUS
900;AUS
900;AUS
900;AUS
900;AUS
900;AUS
900;AUS
900;AUS
900;AUS
900;AUS
900;AUS
900;AUS
900;AUS
900;AUS
900;AUS
900;AUS
900;AUS
900;AUS
900;AUS
900;AUS
900;AUS
900;AUS
900;AUS
900;AUS
900;AUS
900;AUS
900;AUS
900;AUS
900;AUS
900;AUS
900;AUS
900;AUS
900;AUS
900;AUS
305;AUT
305;AUT
305;AUT
305;AUT
305;AUT
305;AUT
305;AUT
305;AUT
305;AUT
305;AUT
305;AUT
305;AUT
305;AUT
305;AUT
305;AUT
305;AUT
305;AUT
305;AUT
305;AUT
305;AUT
305;AUT
305;AUT
305;AUT
305;AUT
305;AUT
305;AUT
305;AUT
305;AUT
305;AUT
305;AUT
305;AUT
305;AUT
305;AUT
305;AUT
305;AUT
305;AUT
305;AUT
305;AUT
305;AUT
305;AUT
305;AUT
305;AUT
305;AUT
305;AUT
305;AUT
305;AUT
305;AUT
305;AUT
305;AUT
305;AUT
305;AUT
305;AUT
305;AUT
305;AUT
305;AUT
305;AUT
305;AUT
305;AUT
305;AUT
305;AUT
305;AUT
305;AUT
305;AUT
373;AZE
373;AZE
373;AZE
373;AZE
373;AZE
373;AZE
373;AZE
373;AZE
373;AZE
373;AZE
373;AZE
373;AZE
373;AZE
373;AZE
373;AZE
373;AZE
373;AZE
373;AZE
31;BHS
31;BHS
31;BHS
31;BHS
31;BHS
31;BHS
31;BHS
31;BHS
31;BHS
31;BHS
31;BHS
31;BHS
31;BHS
31;BHS
31;BHS
31;BHS
31;BHS
31;BHS
31;BHS
31;BHS
31;BHS
31;BHS
31;BHS
31;BHS
31;BHS
31;BHS
31;BHS
31;BHS
31;BHS
31;BHS
31;BHS
31;BHS
31;BHS
31;BHS
31;BHS
31;BHS
692;BHR
692;BHR
692;BHR
692;BHR
692;BHR
692;BHR
692;BHR
692;BHR
692;BHR
692;BHR
692;BHR
692;BHR
692;BHR
692;BHR
692;BHR
692;BHR
692;BHR
692;BHR
692;BHR
692;BHR
692;BHR
692;BHR
692;BHR
692;BHR
692;BHR
692;BHR
692;BHR
692;BHR
692;BHR
692;BHR
692;BHR
692;BHR
692;BHR
692;BHR
692;BHR
692;BHR
692;BHR
692;BHR
771;BGD
771;BGD
771;BGD
771;BGD
771;BGD
771;BGD
771;BGD
771;BGD
771;BGD
771;BGD
771;BGD
771;BGD
771;BGD
771;BGD
771;BGD
771;BGD
771;BGD
771;BGD
771;BGD
771;BGD
771;BGD
771;BGD
771;BGD
771;BGD
771;BGD
771;BGD
771;BGD
771;BGD
771;BGD
771;BGD
771;BGD
771;BGD
771;BGD
771;BGD
771;BGD
771;BGD
771;BGD
771;BGD
53;BRB
53;BRB
53;BRB
53;BRB
53;BRB
53;BRB
53;BRB
53;BRB
53;BRB
53;BRB
53;BRB
53;BRB
53;BRB
53;BRB
53;BRB
53;BRB
53;BRB
53;BRB
53;BRB
53;BRB
53;BRB
53;BRB
53;BRB
53;BRB
53;BRB
53;BRB
53;BRB
53;BRB
53;BRB
53;BRB
53;BRB
53;BRB
53;BRB
53;BRB
53;BRB
53;BRB
53;BRB
53;BRB
53;BRB
53;BRB
53;BRB
53;BRB
53;BRB
370;BLR
370;BLR
370;BLR
370;BLR
370;BLR
370;BLR
370;BLR
370;BLR
370;BLR
370;BLR
370;BLR
370;BLR
370;BLR
370;BLR
370;BLR
370;BLR
370;BLR
370;BLR
211;BEL
211;BEL
211;BEL
211;BEL
211;BEL
211;BEL
211;BEL
211;BEL
211;BEL
211;BEL
211;BEL
211;BEL
211;BEL
211;BEL
211;BEL
211;BEL
211;BEL
211;BEL
211;BEL
211;BEL
211;BEL
211;BEL
211;BEL
211;BEL
211;BEL
211;BEL
211;BEL
211;BEL
211;BEL
211;BEL
211;BEL
211;BEL
211;BEL
211;BEL
211;BEL
211;BEL
211;BEL
211;BEL
211;BEL
211;BEL
211;BEL
211;BEL
211;BEL
211;BEL
211;BEL
211;BEL
211;BEL
211;BEL
211;BEL
211;BEL
211;BEL
211;BEL
211;BEL
211;BEL
211;BEL
211;BEL
211;BEL
211;BEL
211;BEL
211;BEL
211;BEL
211;BEL
211;BEL
80;BLZ
80;BLZ
80;BLZ
80;BLZ
80;BLZ
80;BLZ
80;BLZ
80;BLZ
80;BLZ
80;BLZ
80;BLZ
80;BLZ
80;BLZ
80;BLZ
80;BLZ
80;BLZ
80;BLZ
80;BLZ
80;BLZ
80;BLZ
80;BLZ
80;BLZ
80;BLZ
80;BLZ
80;BLZ
80;BLZ
80;BLZ
80;BLZ
434;BEN
434;BEN
434;BEN
434;BEN
434;BEN
434;BEN
434;BEN
434;BEN
434;BEN
434;BEN
434;BEN
434;BEN
434;BEN
434;BEN
434;BEN
434;BEN
434;BEN
434;BEN
434;BEN
434;BEN
434;BEN
434;BEN
434;BEN
434;BEN
434;BEN
434;BEN
434;BEN
434;BEN
434;BEN
434;BEN
434;BEN
434;BEN
434;BEN
434;BEN
434;BEN
434;BEN
434;BEN
434;BEN
434;BEN
434;BEN
434;BEN
434;BEN
434;BEN
434;BEN
434;BEN
434;BEN
434;BEN
434;BEN
434;BEN
760;BTN
760;BTN
760;BTN
760;BTN
760;BTN
760;BTN
760;BTN
760;BTN
760;BTN
760;BTN
760;BTN
760;BTN
760;BTN
760;BTN
760;BTN
760;BTN
760;BTN
760;BTN
760;BTN
760;BTN
760;BTN
760;BTN
760;BTN
760;BTN
760;BTN
760;BTN
760;BTN
760;BTN
760;BTN
760;BTN
760;BTN
760;BTN
760;BTN
760;BTN
760;BTN
760;BTN
760;BTN
760;BTN
760;BTN
760;BTN
760;BTN
760;BTN
760;BTN
760;BTN
760;BTN
760;BTN
760;BTN
760;BTN
760;BTN
760;BTN
760;BTN
760;BTN
760;BTN
760;BTN
760;BTN
760;BTN
760;BTN
760;BTN
760;BTN
760;BTN
760;BTN
760;BTN
760;BTN
145;BOL
145;BOL
145;BOL
145;BOL
145;BOL
145;BOL
145;BOL
145;BOL
145;BOL
145;BOL
145;BOL
145;BOL
145;BOL
145;BOL
145;BOL
145;BOL
145;BOL
145;BOL
145;BOL
145;BOL
145;BOL
145;BOL
145;BOL
145;BOL
145;BOL
145;BOL
145;BOL
145;BOL
145;BOL
145;BOL
145;BOL
145;BOL
145;BOL
145;BOL
145;BOL
145;BOL
145;BOL
145;BOL
145;BOL
145;BOL
145;BOL
145;BOL
145;BOL
145;BOL
145;BOL
145;BOL
145;BOL
145;BOL
145;BOL
145;BOL
145;BOL
145;BOL
145;BOL
145;BOL
145;BOL
145;BOL
145;BOL
145;BOL
145;BOL
145;BOL
145;BOL
145;BOL
145;BOL
346;BIH
346;BIH
346;BIH
346;BIH
346;BIH
346;BIH
346;BIH
346;BIH
346;BIH
346;BIH
346;BIH
346;BIH
346;BIH
346;BIH
346;BIH
346;BIH
346;BIH
346;BIH
571;BWA
571;BWA
571;BWA
571;BWA
571;BWA
571;BWA
571;BWA
571;BWA
571;BWA
571;BWA
571;BWA
571;BWA
571;BWA
571;BWA
571;BWA
571;BWA
571;BWA
571;BWA
571;BWA
571;BWA
571;BWA
571;BWA
571;BWA
571;BWA
571;BWA
571;BWA
571;BWA
571;BWA
571;BWA
571;BWA
571;BWA
571;BWA
571;BWA
571;BWA
571;BWA
571;BWA
571;BWA
571;BWA
571;BWA
571;BWA
571;BWA
571;BWA
571;BWA
140;BRA
140;BRA
140;BRA
140;BRA
140;BRA
140;BRA
140;BRA
140;BRA
140;BRA
140;BRA
140;BRA
140;BRA
140;BRA
140;BRA
140;BRA
140;BRA
140;BRA
140;BRA
140;BRA
140;BRA
140;BRA
140;BRA
140;BRA
140;BRA
140;BRA
140;BRA
140;BRA
140;BRA
140;BRA
140;BRA
140;BRA
140;BRA
140;BRA
140;BRA
140;BRA
140;BRA
140;BRA
140;BRA
140;BRA
140;BRA
140;BRA
140;BRA
140;BRA
140;BRA
140;BRA
140;BRA
140;BRA
140;BRA
140;BRA
140;BRA
140;BRA
140;BRA
140;BRA
140;BRA
140;BRA
140;BRA
140;BRA
140;BRA
140;BRA
140;BRA
140;BRA
140;BRA
140;BRA
835;BRN
835;BRN
835;BRN
835;BRN
835;BRN
835;BRN
835;BRN
835;BRN
835;BRN
835;BRN
835;BRN
835;BRN
835;BRN
835;BRN
835;BRN
835;BRN
835;BRN
835;BRN
835;BRN
835;BRN
835;BRN
835;BRN
835;BRN
835;BRN
835;BRN
355;BGR
355;BGR
355;BGR
355;BGR
355;BGR
355;BGR
355;BGR
355;BGR
355;BGR
355;BGR
355;BGR
355;BGR
355;BGR
355;BGR
355;BGR
355;BGR
355;BGR
355;BGR
355;BGR
355;BGR
355;BGR
355;BGR
355;BGR
355;BGR
355;BGR
355;BGR
355;BGR
355;BGR
355;BGR
355;BGR
355;BGR
355;BGR
355;BGR
355;BGR
355;BGR
355;BGR
355;BGR
355;BGR
355;BGR
355;BGR
355;BGR
355;BGR
355;BGR
355;BGR
355;BGR
355;BGR
355;BGR
355;BGR
355;BGR
355;BGR
355;BGR
355;BGR
355;BGR
355;BGR
355;BGR
355;BGR
355;BGR
355;BGR
355;BGR
355;BGR
355;BGR
355;BGR
355;BGR
439;BFA
439;BFA
439;BFA
439;BFA
439;BFA
439;BFA
439;BFA
439;BFA
439;BFA
439;BFA
439;BFA
439;BFA
439;BFA
439;BFA
439;BFA
439;BFA
439;BFA
439;BFA
439;BFA
439;BFA
439;BFA
439;BFA
439;BFA
439;BFA
439;BFA
439;BFA
439;BFA
439;BFA
439;BFA
439;BFA
439;BFA
439;BFA
439;BFA
439;BFA
439;BFA
439;BFA
439;BFA
439;BFA
439;BFA
439;BFA
439;BFA
439;BFA
439;BFA
439;BFA
439;BFA
439;BFA
439;BFA
439;BFA
439;BFA
516;BDI
516;BDI
516;BDI
516;BDI
516;BDI
516;BDI
516;BDI
516;BDI
516;BDI
516;BDI
516;BDI
516;BDI
516;BDI
516;BDI
516;BDI
516;BDI
516;BDI
516;BDI
516;BDI
516;BDI
516;BDI
516;BDI
516;BDI
516;BDI
516;BDI
516;BDI
516;BDI
516;BDI
516;BDI
516;BDI
516;BDI
516;BDI
516;BDI
516;BDI
516;BDI
516;BDI
516;BDI
516;BDI
516;BDI
516;BDI
516;BDI
516;BDI
516;BDI
516;BDI
516;BDI
516;BDI
516;BDI
811;KHM
811;KHM
811;KHM
811;KHM
811;KHM
811;KHM
811;KHM
811;KHM
811;KHM
811;KHM
811;KHM
811;KHM
811;KHM
811;KHM
811;KHM
811;KHM
811;KHM
811;KHM
811;KHM
811;KHM
811;KHM
811;KHM
811;KHM
811;KHM
811;KHM
811;KHM
811;KHM
811;KHM
811;KHM
811;KHM
811;KHM
811;KHM
811;KHM
811;KHM
811;KHM
811;KHM
811;KHM
811;KHM
811;KHM
811;KHM
811;KHM
811;KHM
811;KHM
811;KHM
811;KHM
811;KHM
811;KHM
811;KHM
811;KHM
811;KHM
811;KHM
811;KHM
811;KHM
811;KHM
811;KHM
811;KHM
471;CMR
471;CMR
471;CMR
471;CMR
471;CMR
471;CMR
471;CMR
471;CMR
471;CMR
471;CMR
471;CMR
471;CMR
471;CMR
471;CMR
471;CMR
471;CMR
471;CMR
471;CMR
471;CMR
471;CMR
471;CMR
471;CMR
471;CMR
471;CMR
471;CMR
471;CMR
471;CMR
471;CMR
471;CMR
471;CMR
471;CMR
471;CMR
471;CMR
471;CMR
471;CMR
471;CMR
471;CMR
471;CMR
471;CMR
471;CMR
471;CMR
471;CMR
471;CMR
471;CMR
471;CMR
471;CMR
471;CMR
471;CMR
471;CMR
20;CAN
20;CAN
20;CAN
20;CAN
20;CAN
20;CAN
20;CAN
20;CAN
20;CAN
20;CAN
20;CAN
20;CAN
20;CAN
20;CAN
20;CAN
20;CAN
20;CAN
20;CAN
20;CAN
20;CAN
20;CAN
20;CAN
20;CAN
20;CAN
20;CAN
20;CAN
20;CAN
20;CAN
20;CAN
20;CAN
20;CAN
20;CAN
20;CAN
20;CAN
20;CAN
20;CAN
20;CAN
20;CAN
20;CAN
20;CAN
20;CAN
20;CAN
20;CAN
20;CAN
20;CAN
20;CAN
20;CAN
20;CAN
20;CAN
20;CAN
20;CAN
20;CAN
20;CAN
20;CAN
20;CAN
20;CAN
20;CAN
20;CAN
20;CAN
20;CAN
20;CAN
20;CAN
20;CAN
402;CPV
402;CPV
402;CPV
402;CPV
402;CPV
402;CPV
402;CPV
402;CPV
402;CPV
402;CPV
402;CPV
402;CPV
402;CPV
402;CPV
402;CPV
402;CPV
402;CPV
402;CPV
402;CPV
402;CPV
402;CPV
402;CPV
402;CPV
402;CPV
402;CPV
402;CPV
402;CPV
402;CPV
402;CPV
402;CPV
402;CPV
402;CPV
402;CPV
402;CPV
482;CAF
482;CAF
482;CAF
482;CAF
482;CAF
482;CAF
482;CAF
482;CAF
482;CAF
482;CAF
482;CAF
482;CAF
482;CAF
482;CAF
482;CAF
482;CAF
482;CAF
482;CAF
482;CAF
482;CAF
482;CAF
482;CAF
482;CAF
482;CAF
482;CAF
482;CAF
482;CAF
482;CAF
482;CAF
482;CAF
482;CAF
482;CAF
482;CAF
482;CAF
482;CAF
482;CAF
482;CAF
482;CAF
482;CAF
482;CAF
482;CAF
482;CAF
482;CAF
482;CAF
482;CAF
482;CAF
482;CAF
482;CAF
482;CAF
483;TCD
483;TCD
483;TCD
483;TCD
483;TCD
483;TCD
483;TCD
483;TCD
483;TCD
483;TCD
483;TCD
483;TCD
483;TCD
483;TCD
483;TCD
483;TCD
483;TCD
483;TCD
483;TCD
483;TCD
483;TCD
483;TCD
483;TCD
483;TCD
483;TCD
483;TCD
483;TCD
483;TCD
483;TCD
483;TCD
483;TCD
483;TCD
483;TCD
483;TCD
483;TCD
483;TCD
483;TCD
483;TCD
483;TCD
483;TCD
483;TCD
483;TCD
483;TCD
483;TCD
483;TCD
483;TCD
483;TCD
483;TCD
483;TCD
155;CHL
155;CHL
155;CHL
155;CHL
155;CHL
155;CHL
155;CHL
155;CHL
155;CHL
155;CHL
155;CHL
155;CHL
155;CHL
155;CHL
155;CHL
155;CHL
155;CHL
155;CHL
155;CHL
155;CHL
155;CHL
155;CHL
155;CHL
155;CHL
155;CHL
155;CHL
155;CHL
155;CHL
155;CHL
155;CHL
155;CHL
155;CHL
155;CHL
155;CHL
155;CHL
155;CHL
155;CHL
155;CHL
155;CHL
155;CHL
155;CHL
155;CHL
155;CHL
155;CHL
155;CHL
155;CHL
155;CHL
155;CHL
155;CHL
155;CHL
155;CHL
155;CHL
155;CHL
155;CHL
155;CHL
155;CHL
155;CHL
155;CHL
155;CHL
155;CHL
155;CHL
155;CHL
155;CHL
710;CHN
710;CHN
710;CHN
710;CHN
710;CHN
710;CHN
710;CHN
710;CHN
710;CHN
710;CHN
710;CHN
710;CHN
710;CHN
710;CHN
710;CHN
710;CHN
710;CHN
710;CHN
710;CHN
710;CHN
710;CHN
710;CHN
710;CHN
710;CHN
710;CHN
710;CHN
710;CHN
710;CHN
710;CHN
710;CHN
710;CHN
710;CHN
710;CHN
710;CHN
710;CHN
710;CHN
710;CHN
710;CHN
710;CHN
710;CHN
710;CHN
710;CHN
710;CHN
710;CHN
710;CHN
710;CHN
710;CHN
710;CHN
710;CHN
710;CHN
710;CHN
710;CHN
710;CHN
710;CHN
710;CHN
710;CHN
710;CHN
710;CHN
710;CHN
710;CHN
710;CHN
710;CHN
710;CHN
100;COL
100;COL
100;COL
100;COL
100;COL
100;COL
100;COL
100;COL
100;COL
100;COL
100;COL
100;COL
100;COL
100;COL
100;COL
100;COL
100;COL
100;COL
100;COL
100;COL
100;COL
100;COL
100;COL
100;COL
100;COL
100;COL
100;COL
100;COL
100;COL
100;COL
100;COL
100;COL
100;COL
100;COL
100;COL
100;COL
100;COL
100;COL
100;COL
100;COL
100;COL
100;COL
100;COL
100;COL
100;COL
100;COL
100;COL
100;COL
100;COL
100;COL
100;COL
100;COL
100;COL
100;COL
100;COL
100;COL
100;COL
100;COL
100;COL
100;COL
100;COL
100;COL
100;COL
581;COM
581;COM
581;COM
581;COM
581;COM
581;COM
581;COM
581;COM
581;COM
581;COM
581;COM
581;COM
581;COM
581;COM
581;COM
581;COM
581;COM
581;COM
581;COM
581;COM
581;COM
581;COM
581;COM
581;COM
581;COM
581;COM
581;COM
581;COM
581;COM
581;COM
581;COM
581;COM
581;COM
581;COM
484;COG
484;COG
484;COG
484;COG
484;COG
484;COG
484;COG
484;COG
484;COG
484;COG
484;COG
484;COG
484;COG
484;COG
484;COG
484;COG
484;COG
484;COG
484;COG
484;COG
484;COG
484;COG
484;COG
484;COG
484;COG
484;COG
484;COG
484;COG
484;COG
484;COG
484;COG
484;COG
484;COG
484;COG
484;COG
484;COG
484;COG
484;COG
484;COG
484;COG
484;COG
484;COG
484;COG
484;COG
484;COG
484;COG
484;COG
484;COG
484;COG
94;CRI
94;CRI
94;CRI
94;CRI
94;CRI
94;CRI
94;CRI
94;CRI
94;CRI
94;CRI
94;CRI
94;CRI
94;CRI
94;CRI
94;CRI
94;CRI
94;CRI
94;CRI
94;CRI
94;CRI
94;CRI
94;CRI
94;CRI
94;CRI
94;CRI
94;CRI
94;CRI
94;CRI
94;CRI
94;CRI
94;CRI
94;CRI
94;CRI
94;CRI
94;CRI
94;CRI
94;CRI
94;CRI
94;CRI
94;CRI
94;CRI
94;CRI
94;CRI
94;CRI
94;CRI
94;CRI
94;CRI
94;CRI
94;CRI
94;CRI
94;CRI
94;CRI
94;CRI
94;CRI
94;CRI
94;CRI
94;CRI
94;CRI
94;CRI
94;CRI
94;CRI
94;CRI
94;CRI
437;CIV
437;CIV
437;CIV
437;CIV
437;CIV
437;CIV
437;CIV
437;CIV
437;CIV
437;CIV
437;CIV
437;CIV
437;CIV
437;CIV
437;CIV
437;CIV
437;CIV
437;CIV
437;CIV
437;CIV
437;CIV
437;CIV
437;CIV
437;CIV
437;CIV
437;CIV
437;CIV
437;CIV
437;CIV
437;CIV
437;CIV
437;CIV
437;CIV
437;CIV
437;CIV
437;CIV
437;CIV
437;CIV
437;CIV
437;CIV
437;CIV
437;CIV
437;CIV
437;CIV
437;CIV
437;CIV
437;CIV
437;CIV
437;CIV
344;HRV
344;HRV
344;HRV
344;HRV
344;HRV
344;HRV
344;HRV
344;HRV
344;HRV
344;HRV
344;HRV
344;HRV
344;HRV
344;HRV
344;HRV
344;HRV
344;HRV
344;HRV
40;CUB
40;CUB
40;CUB
40;CUB
40;CUB
40;CUB
40;CUB
40;CUB
40;CUB
40;CUB
40;CUB
40;CUB
40;CUB
40;CUB
40;CUB
40;CUB
40;CUB
40;CUB
40;CUB
40;CUB
40;CUB
40;CUB
40;CUB
40;CUB
40;CUB
40;CUB
40;CUB
40;CUB
40;CUB
40;CUB
40;CUB
40;CUB
40;CUB
40;CUB
40;CUB
40;CUB
40;CUB
40;CUB
40;CUB
40;CUB
40;CUB
40;CUB
40;CUB
40;CUB
40;CUB
40;CUB
40;CUB
40;CUB
40;CUB
40;CUB
40;CUB
40;CUB
40;CUB
40;CUB
40;CUB
40;CUB
40;CUB
40;CUB
40;CUB
40;CUB
40;CUB
40;CUB
40;CUB
352;CYP
352;CYP
352;CYP
352;CYP
352;CYP
352;CYP
352;CYP
352;CYP
352;CYP
352;CYP
352;CYP
352;CYP
352;CYP
352;CYP
352;CYP
352;CYP
352;CYP
352;CYP
352;CYP
352;CYP
352;CYP
352;CYP
352;CYP
352;CYP
352;CYP
352;CYP
352;CYP
352;CYP
352;CYP
352;CYP
352;CYP
352;CYP
352;CYP
352;CYP
352;CYP
352;CYP
352;CYP
352;CYP
352;CYP
352;CYP
352;CYP
352;CYP
352;CYP
352;CYP
352;CYP
352;CYP
352;CYP
352;CYP
352;CYP
316;CZE
316;CZE
316;CZE
316;CZE
316;CZE
316;CZE
316;CZE
316;CZE
316;CZE
316;CZE
316;CZE
316;CZE
316;CZE
316;CZE
316;CZE
316;CZE
315;CZK
315;CZK
315;CZK
315;CZK
315;CZK
315;CZK
315;CZK
315;CZK
315;CZK
315;CZK
315;CZK
315;CZK
315;CZK
315;CZK
315;CZK
315;CZK
315;CZK
315;CZK
315;CZK
315;CZK
315;CZK
315;CZK
315;CZK
315;CZK
315;CZK
315;CZK
315;CZK
315;CZK
315;CZK
315;CZK
315;CZK
315;CZK
315;CZK
315;CZK
315;CZK
315;CZK
315;CZK
315;CZK
315;CZK
315;CZK
315;CZK
315;CZK
315;CZK
315;CZK
315;CZK
315;CZK
315;CZK
490;ZAR
490;ZAR
490;ZAR
490;ZAR
490;ZAR
490;ZAR
490;ZAR
490;ZAR
490;ZAR
490;ZAR
490;ZAR
490;ZAR
490;ZAR
490;ZAR
490;ZAR
490;ZAR
490;ZAR
490;ZAR
490;ZAR
490;ZAR
490;ZAR
490;ZAR
490;ZAR
490;ZAR
490;ZAR
490;ZAR
490;ZAR
490;ZAR
490;ZAR
490;ZAR
490;ZAR
490;ZAR
490;ZAR
490;ZAR
490;ZAR
490;ZAR
490;ZAR
490;ZAR
490;ZAR
490;ZAR
490;ZAR
490;ZAR
490;ZAR
490;ZAR
490;ZAR
490;ZAR
490;ZAR
490;ZAR
490;ZAR
390;DNK
390;DNK
390;DNK
390;DNK
390;DNK
390;DNK
390;DNK
390;DNK
390;DNK
390;DNK
390;DNK
390;DNK
390;DNK
390;DNK
390;DNK
390;DNK
390;DNK
390;DNK
390;DNK
390;DNK
390;DNK
390;DNK
390;DNK
390;DNK
390;DNK
390;DNK
390;DNK
390;DNK
390;DNK
390;DNK
390;DNK
390;DNK
390;DNK
390;DNK
390;DNK
390;DNK
390;DNK
390;DNK
390;DNK
390;DNK
390;DNK
390;DNK
390;DNK
390;DNK
390;DNK
390;DNK
390;DNK
390;DNK
390;DNK
390;DNK
390;DNK
390;DNK
390;DNK
390;DNK
390;DNK
390;DNK
390;DNK
390;DNK
390;DNK
390;DNK
390;DNK
390;DNK
390;DNK
522;DJI
522;DJI
522;DJI
522;DJI
522;DJI
522;DJI
522;DJI
522;DJI
522;DJI
522;DJI
522;DJI
522;DJI
522;DJI
522;DJI
522;DJI
522;DJI
522;DJI
522;DJI
522;DJI
522;DJI
522;DJI
522;DJI
522;DJI
522;DJI
522;DJI
522;DJI
522;DJI
522;DJI
522;DJI
522;DJI
522;DJI
522;DJI
54;DMA
54;DMA
54;DMA
54;DMA
54;DMA
54;DMA
54;DMA
54;DMA
54;DMA
54;DMA
54;DMA
54;DMA
54;DMA
54;DMA
54;DMA
54;DMA
54;DMA
54;DMA
54;DMA
54;DMA
54;DMA
54;DMA
54;DMA
54;DMA
54;DMA
54;DMA
54;DMA
54;DMA
54;DMA
54;DMA
54;DMA
42;DOM
42;DOM
42;DOM
42;DOM
42;DOM
42;DOM
42;DOM
42;DOM
42;DOM
42;DOM
42;DOM
42;DOM
42;DOM
42;DOM
42;DOM
42;DOM
42;DOM
42;DOM
42;DOM
42;DOM
42;DOM
42;DOM
42;DOM
42;DOM
42;DOM
42;DOM
42;DOM
42;DOM
42;DOM
42;DOM
42;DOM
42;DOM
42;DOM
42;DOM
42;DOM
42;DOM
42;DOM
42;DOM
42;DOM
42;DOM
42;DOM
42;DOM
42;DOM
42;DOM
42;DOM
42;DOM
42;DOM
42;DOM
42;DOM
42;DOM
42;DOM
42;DOM
42;DOM
42;DOM
42;DOM
42;DOM
42;DOM
42;DOM
42;DOM
42;DOM
42;DOM
42;DOM
42;DOM
860;ETI
860;ETI
860;ETI
860;ETI
860;ETI
860;ETI
860;ETI
130;ECU
130;ECU
130;ECU
130;ECU
130;ECU
130;ECU
130;ECU
130;ECU
130;ECU
130;ECU
130;ECU
130;ECU
130;ECU
130;ECU
130;ECU
130;ECU
130;ECU
130;ECU
130;ECU
130;ECU
130;ECU
130;ECU
130;ECU
130;ECU
130;ECU
130;ECU
130;ECU
130;ECU
130;ECU
130;ECU
130;ECU
130;ECU
130;ECU
130;ECU
130;ECU
130;ECU
130;ECU
130;ECU
130;ECU
130;ECU
130;ECU
130;ECU
130;ECU
130;ECU
130;ECU
130;ECU
130;ECU
130;ECU
130;ECU
130;ECU
130;ECU
130;ECU
130;ECU
130;ECU
130;ECU
130;ECU
130;ECU
130;ECU
130;ECU
130;ECU
130;ECU
130;ECU
130;ECU
651;EGY
651;EGY
651;EGY
651;EGY
651;EGY
651;EGY
651;EGY
651;EGY
651;EGY
651;EGY
651;EGY
651;EGY
651;EGY
651;EGY
651;EGY
651;EGY
651;EGY
651;EGY
651;EGY
651;EGY
651;EGY
651;EGY
651;EGY
651;EGY
651;EGY
651;EGY
651;EGY
651;EGY
651;EGY
651;EGY
651;EGY
651;EGY
651;EGY
651;EGY
651;EGY
651;EGY
651;EGY
651;EGY
651;EGY
651;EGY
651;EGY
651;EGY
651;EGY
651;EGY
651;EGY
651;EGY
651;EGY
651;EGY
651;EGY
651;EGY
651;EGY
651;EGY
651;EGY
651;EGY
651;EGY
651;EGY
651;EGY
651;EGY
651;EGY
651;EGY
651;EGY
651;EGY
651;EGY
92;SLV
92;SLV
92;SLV
92;SLV
92;SLV
92;SLV
92;SLV
92;SLV
92;SLV
92;SLV
92;SLV
92;SLV
92;SLV
92;SLV
92;SLV
92;SLV
92;SLV
92;SLV
92;SLV
92;SLV
92;SLV
92;SLV
92;SLV
92;SLV
92;SLV
92;SLV
92;SLV
92;SLV
92;SLV
92;SLV
92;SLV
92;SLV
92;SLV
92;SLV
92;SLV
92;SLV
92;SLV
92;SLV
92;SLV
92;SLV
92;SLV
92;SLV
92;SLV
92;SLV
92;SLV
92;SLV
92;SLV
92;SLV
92;SLV
92;SLV
92;SLV
92;SLV
92;SLV
92;SLV
92;SLV
92;SLV
92;SLV
92;SLV
92;SLV
92;SLV
92;SLV
92;SLV
92;SLV
411;GNQ
411;GNQ
411;GNQ
411;GNQ
411;GNQ
411;GNQ
411;GNQ
411;GNQ
411;GNQ
411;GNQ
411;GNQ
411;GNQ
411;GNQ
411;GNQ
411;GNQ
411;GNQ
411;GNQ
411;GNQ
411;GNQ
411;GNQ
411;GNQ
411;GNQ
411;GNQ
411;GNQ
411;GNQ
411;GNQ
411;GNQ
411;GNQ
411;GNQ
411;GNQ
411;GNQ
411;GNQ
411;GNQ
411;GNQ
411;GNQ
411;GNQ
411;GNQ
411;GNQ
411;GNQ
411;GNQ
411;GNQ
531;ERI
531;ERI
531;ERI
531;ERI
531;ERI
531;ERI
531;ERI
531;ERI
531;ERI
531;ERI
531;ERI
531;ERI
531;ERI
531;ERI
531;ERI
531;ERI
366;EST
366;EST
366;EST
366;EST
366;EST
366;EST
366;EST
366;EST
366;EST
366;EST
366;EST
366;EST
366;EST
366;EST
366;EST
366;EST
366;EST
366;EST
530;ETH
530;ETH
530;ETH
530;ETH
530;ETH
530;ETH
530;ETH
530;ETH
530;ETH
530;ETH
530;ETH
530;ETH
530;ETH
530;ETH
530;ETH
530;ETH
530;ETH
530;ETH
530;ETH
530;ETH
530;ETH
530;ETH
530;ETH
530;ETH
530;ETH
530;ETH
530;ETH
530;ETH
530;ETH
530;ETH
530;ETH
530;ETH
530;ETH
530;ETH
530;ETH
530;ETH
530;ETH
530;ETH
530;ETH
530;ETH
530;ETH
530;ETH
530;ETH
530;ETH
530;ETH
530;ETH
530;ETH
530;ETH
530;ETH
530;ETH
530;ETH
530;ETH
530;ETH
530;ETH
530;ETH
530;ETH
530;ETH
530;ETH
530;ETH
530;ETH
530;ETH
530;ETH
530;ETH
950;FJI
950;FJI
950;FJI
950;FJI
950;FJI
950;FJI
950;FJI
950;FJI
950;FJI
950;FJI
950;FJI
950;FJI
950;FJI
950;FJI
950;FJI
950;FJI
950;FJI
950;FJI
950;FJI
950;FJI
950;FJI
950;FJI
950;FJI
950;FJI
950;FJI
950;FJI
950;FJI
950;FJI
950;FJI
950;FJI
950;FJI
950;FJI
950;FJI
950;FJI
950;FJI
950;FJI
950;FJI
950;FJI
950;FJI
375;FIN
375;FIN
375;FIN
375;FIN
375;FIN
375;FIN
375;FIN
375;FIN
375;FIN
375;FIN
375;FIN
375;FIN
375;FIN
375;FIN
375;FIN
375;FIN
375;FIN
375;FIN
375;FIN
375;FIN
375;FIN
375;FIN
375;FIN
375;FIN
375;FIN
375;FIN
375;FIN
375;FIN
375;FIN
375;FIN
375;FIN
375;FIN
375;FIN
375;FIN
375;FIN
375;FIN
375;FIN
375;FIN
375;FIN
375;FIN
375;FIN
375;FIN
375;FIN
375;FIN
375;FIN
375;FIN
375;FIN
375;FIN
375;FIN
375;FIN
375;FIN
375;FIN
375;FIN
375;FIN
375;FIN
375;FIN
375;FIN
375;FIN
375;FIN
375;FIN
375;FIN
375;FIN
375;FIN
220;FRA
220;FRA
220;FRA
220;FRA
220;FRA
220;FRA
220;FRA
220;FRA
220;FRA
220;FRA
220;FRA
220;FRA
220;FRA
220;FRA
220;FRA
220;FRA
220;FRA
220;FRA
220;FRA
220;FRA
220;FRA
220;FRA
220;FRA
220;FRA
220;FRA
220;FRA
220;FRA
220;FRA
220;FRA
220;FRA
220;FRA
220;FRA
220;FRA
220;FRA
220;FRA
220;FRA
220;FRA
220;FRA
220;FRA
220;FRA
220;FRA
220;FRA
220;FRA
220;FRA
220;FRA
220;FRA
220;FRA
220;FRA
220;FRA
220;FRA
220;FRA
220;FRA
220;FRA
220;FRA
220;FRA
220;FRA
220;FRA
220;FRA
220;FRA
220;FRA
220;FRA
220;FRA
220;FRA
481;GAB
481;GAB
481;GAB
481;GAB
481;GAB
481;GAB
481;GAB
481;GAB
481;GAB
481;GAB
481;GAB
481;GAB
481;GAB
481;GAB
481;GAB
481;GAB
481;GAB
481;GAB
481;GAB
481;GAB
481;GAB
481;GAB
481;GAB
481;GAB
481;GAB
481;GAB
481;GAB
481;GAB
481;GAB
481;GAB
481;GAB
481;GAB
481;GAB
481;GAB
481;GAB
481;GAB
481;GAB
481;GAB
481;GAB
481;GAB
481;GAB
481;GAB
481;GAB
481;GAB
481;GAB
481;GAB
481;GAB
481;GAB
481;GAB
420;GMB
420;GMB
420;GMB
420;GMB
420;GMB
420;GMB
420;GMB
420;GMB
420;GMB
420;GMB
420;GMB
420;GMB
420;GMB
420;GMB
420;GMB
420;GMB
420;GMB
420;GMB
420;GMB
420;GMB
420;GMB
420;GMB
420;GMB
420;GMB
420;GMB
420;GMB
420;GMB
420;GMB
420;GMB
420;GMB
420;GMB
420;GMB
420;GMB
420;GMB
420;GMB
420;GMB
420;GMB
420;GMB
420;GMB
420;GMB
420;GMB
420;GMB
420;GMB
420;GMB
372;GEO
372;GEO
372;GEO
372;GEO
372;GEO
372;GEO
372;GEO
372;GEO
372;GEO
372;GEO
372;GEO
372;GEO
372;GEO
372;GEO
372;GEO
372;GEO
372;GEO
372;GEO
255;DEU
255;DEU
255;DEU
255;DEU
255;DEU
255;DEU
255;DEU
255;DEU
255;DEU
255;DEU
255;DEU
255;DEU
255;DEU
255;DEU
255;DEU
255;DEU
255;DEU
255;DEU
255;DEU
265;GDR
265;GDR
265;GDR
265;GDR
265;GDR
265;GDR
265;GDR
265;GDR
265;GDR
265;GDR
265;GDR
265;GDR
265;GDR
265;GDR
265;GDR
265;GDR
265;GDR
265;GDR
265;GDR
265;GDR
265;GDR
265;GDR
265;GDR
265;GDR
265;GDR
265;GDR
265;GDR
265;GDR
265;GDR
265;GDR
265;GDR
265;GDR
265;GDR
265;GDR
265;GDR
265;GDR
265;GDR
265;GDR
265;GDR
265;GDR
265;GDR
260;GDR
260;GDR
260;GDR
260;GDR
260;GDR
260;GDR
260;GDR
260;GDR
260;GDR
260;GDR
260;GDR
260;GDR
260;GDR
260;GDR
260;GDR
260;GDR
260;GDR
260;GDR
260;GDR
260;GDR
260;GDR
260;GDR
260;GDR
260;GDR
260;GDR
260;GDR
260;GDR
260;GDR
260;GDR
260;GDR
260;GDR
260;GDR
260;GDR
260;GDR
260;GDR
260;GDR
260;GDR
260;GDR
260;GDR
260;GDR
260;GDR
452;GHA
452;GHA
452;GHA
452;GHA
452;GHA
452;GHA
452;GHA
452;GHA
452;GHA
452;GHA
452;GHA
452;GHA
452;GHA
452;GHA
452;GHA
452;GHA
452;GHA
452;GHA
452;GHA
452;GHA
452;GHA
452;GHA
452;GHA
452;GHA
452;GHA
452;GHA
452;GHA
452;GHA
452;GHA
452;GHA
452;GHA
452;GHA
452;GHA
452;GHA
452;GHA
452;GHA
452;GHA
452;GHA
452;GHA
452;GHA
452;GHA
452;GHA
452;GHA
452;GHA
452;GHA
452;GHA
452;GHA
452;GHA
452;GHA
452;GHA
452;GHA
452;GHA
350;GRC
350;GRC
350;GRC
350;GRC
350;GRC
350;GRC
350;GRC
350;GRC
350;GRC
350;GRC
350;GRC
350;GRC
350;GRC
350;GRC
350;GRC
350;GRC
350;GRC
350;GRC
350;GRC
350;GRC
350;GRC
350;GRC
350;GRC
350;GRC
350;GRC
350;GRC
350;GRC
350;GRC
350;GRC
350;GRC
350;GRC
350;GRC
350;GRC
350;GRC
350;GRC
350;GRC
350;GRC
350;GRC
350;GRC
350;GRC
350;GRC
350;GRC
350;GRC
350;GRC
350;GRC
350;GRC
350;GRC
350;GRC
350;GRC
350;GRC
350;GRC
350;GRC
350;GRC
350;GRC
350;GRC
350;GRC
350;GRC
350;GRC
350;GRC
350;GRC
350;GRC
350;GRC
350;GRC
55;GRD
55;GRD
55;GRD
55;GRD
55;GRD
55;GRD
55;GRD
55;GRD
55;GRD
55;GRD
55;GRD
55;GRD
55;GRD
55;GRD
55;GRD
55;GRD
55;GRD
55;GRD
55;GRD
55;GRD
55;GRD
55;GRD
55;GRD
55;GRD
55;GRD
55;GRD
55;GRD
55;GRD
55;GRD
55;GRD
55;GRD
55;GRD
55;GRD
55;GRD
55;GRD
90;GTM
90;GTM
90;GTM
90;GTM
90;GTM
90;GTM
90;GTM
90;GTM
90;GTM
90;GTM
90;GTM
90;GTM
90;GTM
90;GTM
90;GTM
90;GTM
90;GTM
90;GTM
90;GTM
90;GTM
90;GTM
90;GTM
90;GTM
90;GTM
90;GTM
90;GTM
90;GTM
90;GTM
90;GTM
90;GTM
90;GTM
90;GTM
90;GTM
90;GTM
90;GTM
90;GTM
90;GTM
90;GTM
90;GTM
90;GTM
90;GTM
90;GTM
90;GTM
90;GTM
90;GTM
90;GTM
90;GTM
90;GTM
90;GTM
90;GTM
90;GTM
90;GTM
90;GTM
90;GTM
90;GTM
90;GTM
90;GTM
90;GTM
90;GTM
90;GTM
90;GTM
90;GTM
90;GTM
438;GIN
438;GIN
438;GIN
438;GIN
438;GIN
438;GIN
438;GIN
438;GIN
438;GIN
438;GIN
438;GIN
438;GIN
438;GIN
438;GIN
438;GIN
438;GIN
438;GIN
438;GIN
438;GIN
438;GIN
438;GIN
438;GIN
438;GIN
438;GIN
438;GIN
438;GIN
438;GIN
438;GIN
438;GIN
438;GIN
438;GIN
438;GIN
438;GIN
438;GIN
438;GIN
438;GIN
438;GIN
438;GIN
438;GIN
438;GIN
438;GIN
438;GIN
438;GIN
438;GIN
438;GIN
438;GIN
438;GIN
438;GIN
438;GIN
438;GIN
438;GIN
404;GNB
404;GNB
404;GNB
404;GNB
404;GNB
404;GNB
404;GNB
404;GNB
404;GNB
404;GNB
404;GNB
404;GNB
404;GNB
404;GNB
404;GNB
404;GNB
404;GNB
404;GNB
404;GNB
404;GNB
404;GNB
404;GNB
404;GNB
404;GNB
404;GNB
404;GNB
404;GNB
404;GNB
404;GNB
404;GNB
404;GNB
404;GNB
404;GNB
404;GNB
404;GNB
110;GUY
110;GUY
110;GUY
110;GUY
110;GUY
110;GUY
110;GUY
110;GUY
110;GUY
110;GUY
110;GUY
110;GUY
110;GUY
110;GUY
110;GUY
110;GUY
110;GUY
110;GUY
110;GUY
110;GUY
110;GUY
110;GUY
110;GUY
110;GUY
110;GUY
110;GUY
110;GUY
110;GUY
110;GUY
110;GUY
110;GUY
110;GUY
110;GUY
110;GUY
110;GUY
110;GUY
110;GUY
110;GUY
110;GUY
110;GUY
110;GUY
110;GUY
110;GUY
41;HTI
41;HTI
41;HTI
41;HTI
41;HTI
41;HTI
41;HTI
41;HTI
41;HTI
41;HTI
41;HTI
41;HTI
41;HTI
41;HTI
41;HTI
41;HTI
41;HTI
41;HTI
41;HTI
41;HTI
41;HTI
41;HTI
41;HTI
41;HTI
41;HTI
41;HTI
41;HTI
41;HTI
41;HTI
41;HTI
41;HTI
41;HTI
41;HTI
41;HTI
41;HTI
41;HTI
41;HTI
41;HTI
41;HTI
41;HTI
41;HTI
41;HTI
41;HTI
41;HTI
41;HTI
41;HTI
41;HTI
41;HTI
41;HTI
41;HTI
41;HTI
41;HTI
41;HTI
41;HTI
41;HTI
41;HTI
41;HTI
41;HTI
41;HTI
41;HTI
41;HTI
41;HTI
41;HTI
91;HND
91;HND
91;HND
91;HND
91;HND
91;HND
91;HND
91;HND
91;HND
91;HND
91;HND
91;HND
91;HND
91;HND
91;HND
91;HND
91;HND
91;HND
91;HND
91;HND
91;HND
91;HND
91;HND
91;HND
91;HND
91;HND
91;HND
91;HND
91;HND
91;HND
91;HND
91;HND
91;HND
91;HND
91;HND
91;HND
91;HND
91;HND
91;HND
91;HND
91;HND
91;HND
91;HND
91;HND
91;HND
91;HND
91;HND
91;HND
91;HND
91;HND
91;HND
91;HND
91;HND
91;HND
91;HND
91;HND
91;HND
91;HND
91;HND
91;HND
91;HND
91;HND
91;HND
310;HUN
310;HUN
310;HUN
310;HUN
310;HUN
310;HUN
310;HUN
310;HUN
310;HUN
310;HUN
310;HUN
310;HUN
310;HUN
310;HUN
310;HUN
310;HUN
310;HUN
310;HUN
310;HUN
310;HUN
310;HUN
310;HUN
310;HUN
310;HUN
310;HUN
310;HUN
310;HUN
310;HUN
310;HUN
310;HUN
310;HUN
310;HUN
310;HUN
310;HUN
310;HUN
310;HUN
310;HUN
310;HUN
310;HUN
310;HUN
310;HUN
310;HUN
310;HUN
310;HUN
310;HUN
310;HUN
310;HUN
310;HUN
310;HUN
310;HUN
310;HUN
310;HUN
310;HUN
310;HUN
310;HUN
310;HUN
310;HUN
310;HUN
310;HUN
310;HUN
310;HUN
310;HUN
310;HUN
395;ISL
395;ISL
395;ISL
395;ISL
395;ISL
395;ISL
395;ISL
395;ISL
395;ISL
395;ISL
395;ISL
395;ISL
395;ISL
395;ISL
395;ISL
395;ISL
395;ISL
395;ISL
395;ISL
395;ISL
395;ISL
395;ISL
395;ISL
395;ISL
395;ISL
395;ISL
395;ISL
395;ISL
395;ISL
395;ISL
395;ISL
395;ISL
395;ISL
395;ISL
395;ISL
395;ISL
395;ISL
395;ISL
395;ISL
395;ISL
395;ISL
395;ISL
395;ISL
395;ISL
395;ISL
395;ISL
395;ISL
395;ISL
395;ISL
395;ISL
395;ISL
395;ISL
395;ISL
395;ISL
395;ISL
395;ISL
395;ISL
395;ISL
395;ISL
395;ISL
395;ISL
395;ISL
395;ISL
750;IND
750;IND
750;IND
750;IND
750;IND
750;IND
750;IND
750;IND
750;IND
750;IND
750;IND
750;IND
750;IND
750;IND
750;IND
750;IND
750;IND
750;IND
750;IND
750;IND
750;IND
750;IND
750;IND
750;IND
750;IND
750;IND
750;IND
750;IND
750;IND
750;IND
750;IND
750;IND
750;IND
750;IND
750;IND
750;IND
750;IND
750;IND
750;IND
750;IND
750;IND
750;IND
750;IND
750;IND
750;IND
750;IND
750;IND
750;IND
750;IND
750;IND
750;IND
750;IND
750;IND
750;IND
750;IND
750;IND
750;IND
750;IND
750;IND
750;IND
750;IND
750;IND
850;IDN
850;IDN
850;IDN
850;IDN
850;IDN
850;IDN
850;IDN
850;IDN
850;IDN
850;IDN
850;IDN
850;IDN
850;IDN
850;IDN
850;IDN
850;IDN
850;IDN
850;IDN
850;IDN
850;IDN
850;IDN
850;IDN
850;IDN
850;IDN
850;IDN
850;IDN
850;IDN
850;IDN
850;IDN
850;IDN
850;IDN
850;IDN
850;IDN
850;IDN
850;IDN
850;IDN
850;IDN
850;IDN
850;IDN
850;IDN
850;IDN
850;IDN
850;IDN
850;IDN
850;IDN
850;IDN
850;IDN
850;IDN
850;IDN
850;IDN
850;IDN
850;IDN
850;IDN
850;IDN
850;IDN
850;IDN
850;IDN
850;IDN
850;IDN
850;IDN
630;IRN
630;IRN
630;IRN
630;IRN
630;IRN
630;IRN
630;IRN
630;IRN
630;IRN
630;IRN
630;IRN
630;IRN
630;IRN
630;IRN
630;IRN
630;IRN
630;IRN
630;IRN
630;IRN
630;IRN
630;IRN
630;IRN
630;IRN
630;IRN
630;IRN
630;IRN
630;IRN
630;IRN
630;IRN
630;IRN
630;IRN
630;IRN
630;IRN
630;IRN
630;IRN
630;IRN
630;IRN
630;IRN
630;IRN
630;IRN
630;IRN
630;IRN
630;IRN
630;IRN
630;IRN
630;IRN
630;IRN
630;IRN
630;IRN
630;IRN
630;IRN
630;IRN
630;IRN
630;IRN
630;IRN
630;IRN
630;IRN
630;IRN
630;IRN
630;IRN
630;IRN
630;IRN
630;IRN
645;IRQ
645;IRQ
645;IRQ
645;IRQ
645;IRQ
645;IRQ
645;IRQ
645;IRQ
645;IRQ
645;IRQ
645;IRQ
645;IRQ
645;IRQ
645;IRQ
645;IRQ
645;IRQ
645;IRQ
645;IRQ
645;IRQ
645;IRQ
645;IRQ
645;IRQ
645;IRQ
645;IRQ
645;IRQ
645;IRQ
645;IRQ
645;IRQ
645;IRQ
645;IRQ
645;IRQ
645;IRQ
645;IRQ
645;IRQ
645;IRQ
645;IRQ
645;IRQ
645;IRQ
645;IRQ
645;IRQ
645;IRQ
645;IRQ
645;IRQ
645;IRQ
645;IRQ
645;IRQ
645;IRQ
645;IRQ
645;IRQ
645;IRQ
645;IRQ
645;IRQ
645;IRQ
645;IRQ
645;IRQ
645;IRQ
645;IRQ
645;IRQ
645;IRQ
645;IRQ
645;IRQ
645;IRQ
645;IRQ
205;IRL
205;IRL
205;IRL
205;IRL
205;IRL
205;IRL
205;IRL
205;IRL
205;IRL
205;IRL
205;IRL
205;IRL
205;IRL
205;IRL
205;IRL
205;IRL
205;IRL
205;IRL
205;IRL
205;IRL
205;IRL
205;IRL
205;IRL
205;IRL
205;IRL
205;IRL
205;IRL
205;IRL
205;IRL
205;IRL
205;IRL
205;IRL
205;IRL
205;IRL
205;IRL
205;IRL
205;IRL
205;IRL
205;IRL
205;IRL
205;IRL
205;IRL
205;IRL
205;IRL
205;IRL
205;IRL
205;IRL
205;IRL
205;IRL
205;IRL
205;IRL
205;IRL
205;IRL
205;IRL
205;IRL
205;IRL
205;IRL
205;IRL
205;IRL
205;IRL
205;IRL
205;IRL
205;IRL
666;ISR
666;ISR
666;ISR
666;ISR
666;ISR
666;ISR
666;ISR
666;ISR
666;ISR
666;ISR
666;ISR
666;ISR
666;ISR
666;ISR
666;ISR
666;ISR
666;ISR
666;ISR
666;ISR
666;ISR
666;ISR
666;ISR
666;ISR
666;ISR
666;ISR
666;ISR
666;ISR
666;ISR
666;ISR
666;ISR
666;ISR
666;ISR
666;ISR
666;ISR
666;ISR
666;ISR
666;ISR
666;ISR
666;ISR
666;ISR
666;ISR
666;ISR
666;ISR
666;ISR
666;ISR
666;ISR
666;ISR
666;ISR
666;ISR
666;ISR
666;ISR
666;ISR
666;ISR
666;ISR
666;ISR
666;ISR
666;ISR
666;ISR
666;ISR
666;ISR
666;ISR
325;ITA
325;ITA
325;ITA
325;ITA
325;ITA
325;ITA
325;ITA
325;ITA
325;ITA
325;ITA
325;ITA
325;ITA
325;ITA
325;ITA
325;ITA
325;ITA
325;ITA
325;ITA
325;ITA
325;ITA
325;ITA
325;ITA
325;ITA
325;ITA
325;ITA
325;ITA
325;ITA
325;ITA
325;ITA
325;ITA
325;ITA
325;ITA
325;ITA
325;ITA
325;ITA
325;ITA
325;ITA
325;ITA
325;ITA
325;ITA
325;ITA
325;ITA
325;ITA
325;ITA
325;ITA
325;ITA
325;ITA
325;ITA
325;ITA
325;ITA
325;ITA
325;ITA
325;ITA
325;ITA
325;ITA
325;ITA
325;ITA
325;ITA
325;ITA
325;ITA
325;ITA
325;ITA
325;ITA
51;JAM
51;JAM
51;JAM
51;JAM
51;JAM
51;JAM
51;JAM
51;JAM
51;JAM
51;JAM
51;JAM
51;JAM
51;JAM
51;JAM
51;JAM
51;JAM
51;JAM
51;JAM
51;JAM
51;JAM
51;JAM
51;JAM
51;JAM
51;JAM
51;JAM
51;JAM
51;JAM
51;JAM
51;JAM
51;JAM
51;JAM
51;JAM
51;JAM
51;JAM
51;JAM
51;JAM
51;JAM
51;JAM
51;JAM
51;JAM
51;JAM
51;JAM
51;JAM
51;JAM
51;JAM
51;JAM
51;JAM
740;JPN
740;JPN
740;JPN
740;JPN
740;JPN
740;JPN
740;JPN
740;JPN
740;JPN
740;JPN
740;JPN
740;JPN
740;JPN
740;JPN
740;JPN
740;JPN
740;JPN
740;JPN
740;JPN
740;JPN
740;JPN
740;JPN
740;JPN
740;JPN
740;JPN
740;JPN
740;JPN
740;JPN
740;JPN
740;JPN
740;JPN
740;JPN
740;JPN
740;JPN
740;JPN
740;JPN
740;JPN
740;JPN
740;JPN
740;JPN
740;JPN
740;JPN
740;JPN
740;JPN
740;JPN
740;JPN
740;JPN
740;JPN
740;JPN
740;JPN
740;JPN
740;JPN
740;JPN
740;JPN
740;JPN
740;JPN
740;JPN
740;JPN
740;JPN
740;JPN
740;JPN
740;JPN
740;JPN
663;JOR
663;JOR
663;JOR
663;JOR
663;JOR
663;JOR
663;JOR
663;JOR
663;JOR
663;JOR
663;JOR
663;JOR
663;JOR
663;JOR
663;JOR
663;JOR
663;JOR
663;JOR
663;JOR
663;JOR
663;JOR
663;JOR
663;JOR
663;JOR
663;JOR
663;JOR
663;JOR
663;JOR
663;JOR
663;JOR
663;JOR
663;JOR
663;JOR
663;JOR
663;JOR
663;JOR
663;JOR
663;JOR
663;JOR
663;JOR
663;JOR
663;JOR
663;JOR
663;JOR
663;JOR
663;JOR
663;JOR
663;JOR
663;JOR
663;JOR
663;JOR
663;JOR
663;JOR
663;JOR
663;JOR
663;JOR
663;JOR
663;JOR
663;JOR
663;JOR
663;JOR
663;JOR
663;JOR
705;KAZ
705;KAZ
705;KAZ
705;KAZ
705;KAZ
705;KAZ
705;KAZ
705;KAZ
705;KAZ
705;KAZ
705;KAZ
705;KAZ
705;KAZ
705;KAZ
705;KAZ
705;KAZ
705;KAZ
705;KAZ
501;KEN
501;KEN
501;KEN
501;KEN
501;KEN
501;KEN
501;KEN
501;KEN
501;KEN
501;KEN
501;KEN
501;KEN
501;KEN
501;KEN
501;KEN
501;KEN
501;KEN
501;KEN
501;KEN
501;KEN
501;KEN
501;KEN
501;KEN
501;KEN
501;KEN
501;KEN
501;KEN
501;KEN
501;KEN
501;KEN
501;KEN
501;KEN
501;KEN
501;KEN
501;KEN
501;KEN
501;KEN
501;KEN
501;KEN
501;KEN
501;KEN
501;KEN
501;KEN
501;KEN
501;KEN
501;KEN
946;KIR
946;KIR
946;KIR
946;KIR
946;KIR
946;KIR
946;KIR
946;KIR
946;KIR
946;KIR
946;KIR
946;KIR
946;KIR
946;KIR
946;KIR
946;KIR
946;KIR
946;KIR
946;KIR
946;KIR
946;KIR
946;KIR
946;KIR
946;KIR
946;KIR
946;KIR
946;KIR
946;KIR
946;KIR
946;KIR
690;KWT
690;KWT
690;KWT
690;KWT
690;KWT
690;KWT
690;KWT
690;KWT
690;KWT
690;KWT
690;KWT
690;KWT
690;KWT
690;KWT
690;KWT
690;KWT
690;KWT
690;KWT
690;KWT
690;KWT
690;KWT
690;KWT
690;KWT
690;KWT
690;KWT
690;KWT
690;KWT
690;KWT
690;KWT
690;KWT
690;KWT
690;KWT
690;KWT
690;KWT
690;KWT
690;KWT
690;KWT
690;KWT
690;KWT
690;KWT
690;KWT
690;KWT
690;KWT
690;KWT
690;KWT
690;KWT
690;KWT
690;KWT
703;KGZ
703;KGZ
703;KGZ
703;KGZ
703;KGZ
703;KGZ
703;KGZ
703;KGZ
703;KGZ
703;KGZ
703;KGZ
703;KGZ
703;KGZ
703;KGZ
703;KGZ
703;KGZ
703;KGZ
703;KGZ
812;LAO
812;LAO
812;LAO
812;LAO
812;LAO
812;LAO
812;LAO
812;LAO
812;LAO
812;LAO
812;LAO
812;LAO
812;LAO
812;LAO
812;LAO
812;LAO
812;LAO
812;LAO
812;LAO
812;LAO
812;LAO
812;LAO
812;LAO
812;LAO
812;LAO
812;LAO
812;LAO
812;LAO
812;LAO
812;LAO
812;LAO
812;LAO
812;LAO
812;LAO
812;LAO
812;LAO
812;LAO
812;LAO
812;LAO
812;LAO
812;LAO
812;LAO
812;LAO
812;LAO
812;LAO
812;LAO
812;LAO
812;LAO
812;LAO
812;LAO
812;LAO
812;LAO
812;LAO
812;LAO
812;LAO
812;LAO
367;LVA
367;LVA
367;LVA
367;LVA
367;LVA
367;LVA
367;LVA
367;LVA
367;LVA
367;LVA
367;LVA
367;LVA
367;LVA
367;LVA
367;LVA
367;LVA
367;LVA
367;LVA
660;LBN
660;LBN
660;LBN
660;LBN
660;LBN
660;LBN
660;LBN
660;LBN
660;LBN
660;LBN
660;LBN
660;LBN
660;LBN
660;LBN
660;LBN
660;LBN
660;LBN
660;LBN
660;LBN
660;LBN
660;LBN
660;LBN
660;LBN
660;LBN
660;LBN
660;LBN
660;LBN
660;LBN
660;LBN
660;LBN
660;LBN
660;LBN
660;LBN
660;LBN
660;LBN
660;LBN
660;LBN
660;LBN
660;LBN
660;LBN
660;LBN
660;LBN
660;LBN
660;LBN
660;LBN
660;LBN
660;LBN
660;LBN
660;LBN
660;LBN
660;LBN
660;LBN
660;LBN
660;LBN
660;LBN
660;LBN
660;LBN
660;LBN
660;LBN
660;LBN
660;LBN
660;LBN
660;LBN
570;LSO
570;LSO
570;LSO
570;LSO
570;LSO
570;LSO
570;LSO
570;LSO
570;LSO
570;LSO
570;LSO
570;LSO
570;LSO
570;LSO
570;LSO
570;LSO
570;LSO
570;LSO
570;LSO
570;LSO
570;LSO
570;LSO
570;LSO
570;LSO
570;LSO
570;LSO
570;LSO
570;LSO
570;LSO
570;LSO
570;LSO
570;LSO
570;LSO
570;LSO
570;LSO
570;LSO
570;LSO
570;LSO
570;LSO
570;LSO
570;LSO
570;LSO
570;LSO
450;LBR
450;LBR
450;LBR
450;LBR
450;LBR
450;LBR
450;LBR
450;LBR
450;LBR
450;LBR
450;LBR
450;LBR
450;LBR
450;LBR
450;LBR
450;LBR
450;LBR
450;LBR
450;LBR
450;LBR
450;LBR
450;LBR
450;LBR
450;LBR
450;LBR
450;LBR
450;LBR
450;LBR
450;LBR
450;LBR
450;LBR
450;LBR
450;LBR
450;LBR
450;LBR
450;LBR
450;LBR
450;LBR
450;LBR
450;LBR
450;LBR
450;LBR
450;LBR
450;LBR
450;LBR
450;LBR
450;LBR
450;LBR
450;LBR
450;LBR
450;LBR
450;LBR
450;LBR
450;LBR
450;LBR
450;LBR
450;LBR
450;LBR
450;LBR
450;LBR
450;LBR
450;LBR
450;LBR
620;LBY
620;LBY
620;LBY
620;LBY
620;LBY
620;LBY
620;LBY
620;LBY
620;LBY
620;LBY
620;LBY
620;LBY
620;LBY
620;LBY
620;LBY
620;LBY
620;LBY
620;LBY
620;LBY
620;LBY
620;LBY
620;LBY
620;LBY
620;LBY
620;LBY
620;LBY
620;LBY
620;LBY
620;LBY
620;LBY
620;LBY
620;LBY
620;LBY
620;LBY
620;LBY
620;LBY
620;LBY
620;LBY
620;LBY
620;LBY
620;LBY
620;LBY
620;LBY
620;LBY
620;LBY
620;LBY
620;LBY
620;LBY
620;LBY
620;LBY
620;LBY
620;LBY
620;LBY
620;LBY
620;LBY
620;LBY
620;LBY
620;LBY
223;LIE
223;LIE
223;LIE
223;LIE
223;LIE
223;LIE
223;LIE
223;LIE
223;LIE
223;LIE
223;LIE
223;LIE
223;LIE
223;LIE
223;LIE
223;LIE
223;LIE
223;LIE
223;LIE
223;LIE
223;LIE
223;LIE
223;LIE
223;LIE
223;LIE
223;LIE
223;LIE
223;LIE
223;LIE
223;LIE
223;LIE
223;LIE
223;LIE
223;LIE
223;LIE
223;LIE
223;LIE
223;LIE
223;LIE
223;LIE
223;LIE
223;LIE
223;LIE
223;LIE
223;LIE
223;LIE
223;LIE
223;LIE
223;LIE
223;LIE
223;LIE
223;LIE
223;LIE
223;LIE
223;LIE
223;LIE
223;LIE
223;LIE
223;LIE
223;LIE
223;LIE
223;LIE
223;LIE
368;LTU
368;LTU
368;LTU
368;LTU
368;LTU
368;LTU
368;LTU
368;LTU
368;LTU
368;LTU
368;LTU
368;LTU
368;LTU
368;LTU
368;LTU
368;LTU
368;LTU
368;LTU
212;LUX
212;LUX
212;LUX
212;LUX
212;LUX
212;LUX
212;LUX
212;LUX
212;LUX
212;LUX
212;LUX
212;LUX
212;LUX
212;LUX
212;LUX
212;LUX
212;LUX
212;LUX
212;LUX
212;LUX
212;LUX
212;LUX
212;LUX
212;LUX
212;LUX
212;LUX
212;LUX
212;LUX
212;LUX
212;LUX
212;LUX
212;LUX
212;LUX
212;LUX
212;LUX
212;LUX
212;LUX
212;LUX
212;LUX
212;LUX
212;LUX
212;LUX
212;LUX
212;LUX
212;LUX
212;LUX
212;LUX
212;LUX
212;LUX
212;LUX
212;LUX
212;LUX
212;LUX
212;LUX
212;LUX
212;LUX
212;LUX
212;LUX
212;LUX
212;LUX
212;LUX
212;LUX
212;LUX
343;MKD
343;MKD
343;MKD
343;MKD
343;MKD
343;MKD
343;MKD
343;MKD
343;MKD
343;MKD
343;MKD
343;MKD
343;MKD
343;MKD
343;MKD
343;MKD
343;MKD
343;MKD
580;MDG
580;MDG
580;MDG
580;MDG
580;MDG
580;MDG
580;MDG
580;MDG
580;MDG
580;MDG
580;MDG
580;MDG
580;MDG
580;MDG
580;MDG
580;MDG
580;MDG
580;MDG
580;MDG
580;MDG
580;MDG
580;MDG
580;MDG
580;MDG
580;MDG
580;MDG
580;MDG
580;MDG
580;MDG
580;MDG
580;MDG
580;MDG
580;MDG
580;MDG
580;MDG
580;MDG
580;MDG
580;MDG
580;MDG
580;MDG
580;MDG
580;MDG
580;MDG
580;MDG
580;MDG
580;MDG
580;MDG
580;MDG
580;MDG
553;MWI
553;MWI
553;MWI
553;MWI
553;MWI
553;MWI
553;MWI
553;MWI
553;MWI
553;MWI
553;MWI
553;MWI
553;MWI
553;MWI
553;MWI
553;MWI
553;MWI
553;MWI
553;MWI
553;MWI
553;MWI
553;MWI
553;MWI
553;MWI
553;MWI
553;MWI
553;MWI
553;MWI
553;MWI
553;MWI
553;MWI
553;MWI
553;MWI
553;MWI
553;MWI
553;MWI
553;MWI
553;MWI
553;MWI
553;MWI
553;MWI
553;MWI
553;MWI
553;MWI
553;MWI
820;MYS
820;MYS
820;MYS
820;MYS
820;MYS
820;MYS
820;MYS
820;MYS
820;MYS
820;MYS
820;MYS
820;MYS
820;MYS
820;MYS
820;MYS
820;MYS
820;MYS
820;MYS
820;MYS
820;MYS
820;MYS
820;MYS
820;MYS
820;MYS
820;MYS
820;MYS
820;MYS
820;MYS
820;MYS
820;MYS
820;MYS
820;MYS
820;MYS
820;MYS
820;MYS
820;MYS
820;MYS
820;MYS
820;MYS
820;MYS
820;MYS
820;MYS
820;MYS
820;MYS
820;MYS
820;MYS
820;MYS
820;MYS
820;MYS
820;MYS
820;MYS
820;MYS
781;MDV
781;MDV
781;MDV
781;MDV
781;MDV
781;MDV
781;MDV
781;MDV
781;MDV
781;MDV
781;MDV
781;MDV
781;MDV
781;MDV
781;MDV
781;MDV
781;MDV
781;MDV
781;MDV
781;MDV
781;MDV
781;MDV
781;MDV
781;MDV
781;MDV
781;MDV
781;MDV
781;MDV
781;MDV
781;MDV
781;MDV
781;MDV
781;MDV
781;MDV
781;MDV
781;MDV
781;MDV
781;MDV
781;MDV
781;MDV
781;MDV
781;MDV
781;MDV
781;MDV
432;MLI
432;MLI
432;MLI
432;MLI
432;MLI
432;MLI
432;MLI
432;MLI
432;MLI
432;MLI
432;MLI
432;MLI
432;MLI
432;MLI
432;MLI
432;MLI
432;MLI
432;MLI
432;MLI
432;MLI
432;MLI
432;MLI
432;MLI
432;MLI
432;MLI
432;MLI
432;MLI
432;MLI
432;MLI
432;MLI
432;MLI
432;MLI
432;MLI
432;MLI
432;MLI
432;MLI
432;MLI
432;MLI
432;MLI
432;MLI
432;MLI
432;MLI
432;MLI
432;MLI
432;MLI
432;MLI
432;MLI
432;MLI
432;MLI
338;MLT
338;MLT
338;MLT
338;MLT
338;MLT
338;MLT
338;MLT
338;MLT
338;MLT
338;MLT
338;MLT
338;MLT
338;MLT
338;MLT
338;MLT
338;MLT
338;MLT
338;MLT
338;MLT
338;MLT
338;MLT
338;MLT
338;MLT
338;MLT
338;MLT
338;MLT
338;MLT
338;MLT
338;MLT
338;MLT
338;MLT
338;MLT
338;MLT
338;MLT
338;MLT
338;MLT
338;MLT
338;MLT
338;MLT
338;MLT
338;MLT
338;MLT
338;MLT
338;MLT
338;MLT
983;MHL
983;MHL
983;MHL
983;MHL
983;MHL
983;MHL
983;MHL
983;MHL
983;MHL
983;MHL
983;MHL
983;MHL
983;MHL
983;MHL
983;MHL
983;MHL
983;MHL
983;MHL
983;MHL
435;MRT
435;MRT
435;MRT
435;MRT
435;MRT
435;MRT
435;MRT
435;MRT
435;MRT
435;MRT
435;MRT
435;MRT
435;MRT
435;MRT
435;MRT
435;MRT
435;MRT
435;MRT
435;MRT
435;MRT
435;MRT
435;MRT
435;MRT
435;MRT
435;MRT
435;MRT
435;MRT
435;MRT
435;MRT
435;MRT
435;MRT
435;MRT
435;MRT
435;MRT
435;MRT
435;MRT
435;MRT
435;MRT
435;MRT
435;MRT
435;MRT
435;MRT
435;MRT
435;MRT
435;MRT
435;MRT
435;MRT
435;MRT
435;MRT
590;MUS
590;MUS
590;MUS
590;MUS
590;MUS
590;MUS
590;MUS
590;MUS
590;MUS
590;MUS
590;MUS
590;MUS
590;MUS
590;MUS
590;MUS
590;MUS
590;MUS
590;MUS
590;MUS
590;MUS
590;MUS
590;MUS
590;MUS
590;MUS
590;MUS
590;MUS
590;MUS
590;MUS
590;MUS
590;MUS
590;MUS
590;MUS
590;MUS
590;MUS
590;MUS
590;MUS
590;MUS
590;MUS
590;MUS
590;MUS
590;MUS
70;MEX
70;MEX
70;MEX
70;MEX
70;MEX
70;MEX
70;MEX
70;MEX
70;MEX
70;MEX
70;MEX
70;MEX
70;MEX
70;MEX
70;MEX
70;MEX
70;MEX
70;MEX
70;MEX
70;MEX
70;MEX
70;MEX
70;MEX
70;MEX
70;MEX
70;MEX
70;MEX
70;MEX
70;MEX
70;MEX
70;MEX
70;MEX
70;MEX
70;MEX
70;MEX
70;MEX
70;MEX
70;MEX
70;MEX
70;MEX
70;MEX
70;MEX
70;MEX
70;MEX
70;MEX
70;MEX
70;MEX
70;MEX
70;MEX
70;MEX
70;MEX
70;MEX
70;MEX
70;MEX
70;MEX
70;MEX
70;MEX
70;MEX
70;MEX
70;MEX
70;MEX
70;MEX
70;MEX
987;FSN
987;FSN
987;FSN
987;FSN
987;FSN
987;FSN
987;FSN
987;FSN
987;FSN
987;FSN
987;FSN
987;FSN
987;FSN
987;FSN
987;FSN
987;FSN
987;FSN
987;FSN
359;MDA
359;MDA
359;MDA
359;MDA
359;MDA
359;MDA
359;MDA
359;MDA
359;MDA
359;MDA
359;MDA
359;MDA
359;MDA
359;MDA
359;MDA
359;MDA
359;MDA
359;MDA
712;MNG
712;MNG
712;MNG
712;MNG
712;MNG
712;MNG
712;MNG
712;MNG
712;MNG
712;MNG
712;MNG
712;MNG
712;MNG
712;MNG
712;MNG
712;MNG
712;MNG
712;MNG
712;MNG
712;MNG
712;MNG
712;MNG
712;MNG
712;MNG
712;MNG
712;MNG
712;MNG
712;MNG
712;MNG
712;MNG
712;MNG
712;MNG
712;MNG
712;MNG
712;MNG
712;MNG
712;MNG
712;MNG
712;MNG
712;MNG
712;MNG
712;MNG
712;MNG
712;MNG
712;MNG
712;MNG
712;MNG
712;MNG
712;MNG
712;MNG
712;MNG
712;MNG
712;MNG
712;MNG
712;MNG
712;MNG
712;MNG
712;MNG
712;MNG
712;MNG
712;MNG
712;MNG
712;MNG
341;MNG
341;MNG
341;MNG
600;MAR
600;MAR
600;MAR
600;MAR
600;MAR
600;MAR
600;MAR
600;MAR
600;MAR
600;MAR
600;MAR
600;MAR
600;MAR
600;MAR
600;MAR
600;MAR
600;MAR
600;MAR
600;MAR
600;MAR
600;MAR
600;MAR
600;MAR
600;MAR
600;MAR
600;MAR
600;MAR
600;MAR
600;MAR
600;MAR
600;MAR
600;MAR
600;MAR
600;MAR
600;MAR
600;MAR
600;MAR
600;MAR
600;MAR
600;MAR
600;MAR
600;MAR
600;MAR
600;MAR
600;MAR
600;MAR
600;MAR
600;MAR
600;MAR
600;MAR
600;MAR
600;MAR
600;MAR
541;MOZ
541;MOZ
541;MOZ
541;MOZ
541;MOZ
541;MOZ
541;MOZ
541;MOZ
541;MOZ
541;MOZ
541;MOZ
541;MOZ
541;MOZ
541;MOZ
541;MOZ
541;MOZ
541;MOZ
541;MOZ
541;MOZ
541;MOZ
541;MOZ
541;MOZ
541;MOZ
541;MOZ
541;MOZ
541;MOZ
541;MOZ
541;MOZ
541;MOZ
541;MOZ
541;MOZ
541;MOZ
541;MOZ
541;MOZ
775;MMR
775;MMR
775;MMR
775;MMR
775;MMR
775;MMR
775;MMR
775;MMR
775;MMR
775;MMR
775;MMR
775;MMR
775;MMR
775;MMR
775;MMR
775;MMR
775;MMR
775;MMR
775;MMR
775;MMR
775;MMR
775;MMR
775;MMR
775;MMR
775;MMR
775;MMR
775;MMR
775;MMR
775;MMR
775;MMR
775;MMR
775;MMR
775;MMR
775;MMR
775;MMR
775;MMR
775;MMR
775;MMR
775;MMR
775;MMR
775;MMR
775;MMR
775;MMR
775;MMR
775;MMR
775;MMR
775;MMR
775;MMR
775;MMR
775;MMR
775;MMR
775;MMR
775;MMR
775;MMR
775;MMR
775;MMR
775;MMR
775;MMR
775;MMR
775;MMR
775;MMR
565;NAM
565;NAM
565;NAM
565;NAM
565;NAM
565;NAM
565;NAM
565;NAM
565;NAM
565;NAM
565;NAM
565;NAM
565;NAM
565;NAM
565;NAM
565;NAM
565;NAM
565;NAM
565;NAM
970;NUR
970;NUR
970;NUR
970;NUR
970;NUR
970;NUR
970;NUR
970;NUR
970;NUR
970;NUR
970;NUR
970;NUR
970;NUR
970;NUR
970;NUR
970;NUR
970;NUR
970;NUR
970;NUR
970;NUR
970;NUR
970;NUR
970;NUR
970;NUR
970;NUR
970;NUR
970;NUR
970;NUR
970;NUR
970;NUR
970;NUR
970;NUR
970;NUR
970;NUR
970;NUR
970;NUR
970;NUR
970;NUR
970;NUR
970;NUR
970;NUR
790;NPL
790;NPL
790;NPL
790;NPL
790;NPL
790;NPL
790;NPL
790;NPL
790;NPL
790;NPL
790;NPL
790;NPL
790;NPL
790;NPL
790;NPL
790;NPL
790;NPL
790;NPL
790;NPL
790;NPL
790;NPL
790;NPL
790;NPL
790;NPL
790;NPL
790;NPL
790;NPL
790;NPL
790;NPL
790;NPL
790;NPL
790;NPL
790;NPL
790;NPL
790;NPL
790;NPL
790;NPL
790;NPL
790;NPL
790;NPL
790;NPL
790;NPL
790;NPL
790;NPL
790;NPL
790;NPL
790;NPL
790;NPL
790;NPL
790;NPL
790;NPL
790;NPL
790;NPL
790;NPL
790;NPL
790;NPL
790;NPL
790;NPL
790;NPL
790;NPL
790;NPL
790;NPL
790;NPL
210;NLD
210;NLD
210;NLD
210;NLD
210;NLD
210;NLD
210;NLD
210;NLD
210;NLD
210;NLD
210;NLD
210;NLD
210;NLD
210;NLD
210;NLD
210;NLD
210;NLD
210;NLD
210;NLD
210;NLD
210;NLD
210;NLD
210;NLD
210;NLD
210;NLD
210;NLD
210;NLD
210;NLD
210;NLD
210;NLD
210;NLD
210;NLD
210;NLD
210;NLD
210;NLD
210;NLD
210;NLD
210;NLD
210;NLD
210;NLD
210;NLD
210;NLD
210;NLD
210;NLD
210;NLD
210;NLD
210;NLD
210;NLD
210;NLD
210;NLD
210;NLD
210;NLD
210;NLD
210;NLD
210;NLD
210;NLD
210;NLD
210;NLD
210;NLD
210;NLD
210;NLD
210;NLD
210;NLD
920;NZL
920;NZL
920;NZL
920;NZL
920;NZL
920;NZL
920;NZL
920;NZL
920;NZL
920;NZL
920;NZL
920;NZL
920;NZL
920;NZL
920;NZL
920;NZL
920;NZL
920;NZL
920;NZL
920;NZL
920;NZL
920;NZL
920;NZL
920;NZL
920;NZL
920;NZL
920;NZL
920;NZL
920;NZL
920;NZL
920;NZL
920;NZL
920;NZL
920;NZL
920;NZL
920;NZL
920;NZL
920;NZL
920;NZL
920;NZL
920;NZL
920;NZL
920;NZL
920;NZL
920;NZL
920;NZL
920;NZL
920;NZL
920;NZL
920;NZL
920;NZL
920;NZL
920;NZL
920;NZL
920;NZL
920;NZL
920;NZL
920;NZL
920;NZL
920;NZL
920;NZL
920;NZL
920;NZL
93;NIC
93;NIC
93;NIC
93;NIC
93;NIC
93;NIC
93;NIC
93;NIC
93;NIC
93;NIC
93;NIC
93;NIC
93;NIC
93;NIC
93;NIC
93;NIC
93;NIC
93;NIC
93;NIC
93;NIC
93;NIC
93;NIC
93;NIC
93;NIC
93;NIC
93;NIC
93;NIC
93;NIC
93;NIC
93;NIC
93;NIC
93;NIC
93;NIC
93;NIC
93;NIC
93;NIC
93;NIC
93;NIC
93;NIC
93;NIC
93;NIC
93;NIC
93;NIC
93;NIC
93;NIC
93;NIC
93;NIC
93;NIC
93;NIC
93;NIC
93;NIC
93;NIC
93;NIC
93;NIC
93;NIC
93;NIC
93;NIC
93;NIC
93;NIC
93;NIC
93;NIC
93;NIC
93;NIC
436;NER
436;NER
436;NER
436;NER
436;NER
436;NER
436;NER
436;NER
436;NER
436;NER
436;NER
436;NER
436;NER
436;NER
436;NER
436;NER
436;NER
436;NER
436;NER
436;NER
436;NER
436;NER
436;NER
436;NER
436;NER
436;NER
436;NER
436;NER
436;NER
436;NER
436;NER
436;NER
436;NER
436;NER
436;NER
436;NER
436;NER
436;NER
436;NER
436;NER
436;NER
436;NER
436;NER
436;NER
436;NER
436;NER
436;NER
436;NER
436;NER
475;NGA
475;NGA
475;NGA
475;NGA
475;NGA
475;NGA
475;NGA
475;NGA
475;NGA
475;NGA
475;NGA
475;NGA
475;NGA
475;NGA
475;NGA
475;NGA
475;NGA
475;NGA
475;NGA
475;NGA
475;NGA
475;NGA
475;NGA
475;NGA
475;NGA
475;NGA
475;NGA
475;NGA
475;NGA
475;NGA
475;NGA
475;NGA
475;NGA
475;NGA
475;NGA
475;NGA
475;NGA
475;NGA
475;NGA
475;NGA
475;NGA
475;NGA
475;NGA
475;NGA
475;NGA
475;NGA
475;NGA
475;NGA
475;NGA
731;PRK
731;PRK
731;PRK
731;PRK
731;PRK
731;PRK
731;PRK
731;PRK
731;PRK
731;PRK
731;PRK
731;PRK
731;PRK
731;PRK
731;PRK
731;PRK
731;PRK
731;PRK
731;PRK
731;PRK
731;PRK
731;PRK
731;PRK
731;PRK
731;PRK
731;PRK
731;PRK
731;PRK
731;PRK
731;PRK
731;PRK
731;PRK
731;PRK
731;PRK
731;PRK
731;PRK
731;PRK
731;PRK
731;PRK
731;PRK
731;PRK
731;PRK
731;PRK
731;PRK
731;PRK
731;PRK
731;PRK
731;PRK
731;PRK
731;PRK
731;PRK
731;PRK
731;PRK
731;PRK
731;PRK
731;PRK
731;PRK
731;PRK
731;PRK
731;PRK
731;PRK
385;NOR
385;NOR
385;NOR
385;NOR
385;NOR
385;NOR
385;NOR
385;NOR
385;NOR
385;NOR
385;NOR
385;NOR
385;NOR
385;NOR
385;NOR
385;NOR
385;NOR
385;NOR
385;NOR
385;NOR
385;NOR
385;NOR
385;NOR
385;NOR
385;NOR
385;NOR
385;NOR
385;NOR
385;NOR
385;NOR
385;NOR
385;NOR
385;NOR
385;NOR
385;NOR
385;NOR
385;NOR
385;NOR
385;NOR
385;NOR
385;NOR
385;NOR
385;NOR
385;NOR
385;NOR
385;NOR
385;NOR
385;NOR
385;NOR
385;NOR
385;NOR
385;NOR
385;NOR
385;NOR
385;NOR
385;NOR
385;NOR
385;NOR
385;NOR
385;NOR
385;NOR
385;NOR
385;NOR
698;OMN
698;OMN
698;OMN
698;OMN
698;OMN
698;OMN
698;OMN
698;OMN
698;OMN
698;OMN
698;OMN
698;OMN
698;OMN
698;OMN
698;OMN
698;OMN
698;OMN
698;OMN
698;OMN
698;OMN
698;OMN
698;OMN
698;OMN
698;OMN
698;OMN
698;OMN
698;OMN
698;OMN
698;OMN
698;OMN
698;OMN
698;OMN
698;OMN
698;OMN
698;OMN
698;OMN
698;OMN
698;OMN
698;OMN
770;PAK
770;PAK
770;PAK
770;PAK
770;PAK
770;PAK
770;PAK
770;PAK
770;PAK
770;PAK
770;PAK
770;PAK
770;PAK
770;PAK
770;PAK
770;PAK
770;PAK
770;PAK
770;PAK
770;PAK
770;PAK
770;PAK
770;PAK
770;PAK
770;PAK
770;PAK
770;PAK
770;PAK
770;PAK
770;PAK
770;PAK
770;PAK
770;PAK
770;PAK
770;PAK
770;PAK
770;PAK
770;PAK
770;PAK
770;PAK
770;PAK
770;PAK
770;PAK
770;PAK
770;PAK
770;PAK
770;PAK
770;PAK
770;PAK
770;PAK
770;PAK
770;PAK
770;PAK
770;PAK
770;PAK
770;PAK
770;PAK
770;PAK
770;PAK
770;PAK
770;PAK
770;PAK
986;PLU
986;PLU
986;PLU
986;PLU
986;PLU
986;PLU
986;PLU
986;PLU
986;PLU
986;PLU
986;PLU
986;PLU
986;PLU
986;PLU
986;PLU
95;PAN
95;PAN
95;PAN
95;PAN
95;PAN
95;PAN
95;PAN
95;PAN
95;PAN
95;PAN
95;PAN
95;PAN
95;PAN
95;PAN
95;PAN
95;PAN
95;PAN
95;PAN
95;PAN
95;PAN
95;PAN
95;PAN
95;PAN
95;PAN
95;PAN
95;PAN
95;PAN
95;PAN
95;PAN
95;PAN
95;PAN
95;PAN
95;PAN
95;PAN
95;PAN
95;PAN
95;PAN
95;PAN
95;PAN
95;PAN
95;PAN
95;PAN
95;PAN
95;PAN
95;PAN
95;PAN
95;PAN
95;PAN
95;PAN
95;PAN
95;PAN
95;PAN
95;PAN
95;PAN
95;PAN
95;PAN
95;PAN
95;PAN
95;PAN
95;PAN
95;PAN
95;PAN
95;PAN
910;PNG
910;PNG
910;PNG
910;PNG
910;PNG
910;PNG
910;PNG
910;PNG
910;PNG
910;PNG
910;PNG
910;PNG
910;PNG
910;PNG
910;PNG
910;PNG
910;PNG
910;PNG
910;PNG
910;PNG
910;PNG
910;PNG
910;PNG
910;PNG
910;PNG
910;PNG
910;PNG
910;PNG
910;PNG
910;PNG
910;PNG
910;PNG
910;PNG
910;PNG
150;PRY
150;PRY
150;PRY
150;PRY
150;PRY
150;PRY
150;PRY
150;PRY
150;PRY
150;PRY
150;PRY
150;PRY
150;PRY
150;PRY
150;PRY
150;PRY
150;PRY
150;PRY
150;PRY
150;PRY
150;PRY
150;PRY
150;PRY
150;PRY
150;PRY
150;PRY
150;PRY
150;PRY
150;PRY
150;PRY
150;PRY
150;PRY
150;PRY
150;PRY
150;PRY
150;PRY
150;PRY
150;PRY
150;PRY
150;PRY
150;PRY
150;PRY
150;PRY
150;PRY
150;PRY
150;PRY
150;PRY
150;PRY
150;PRY
150;PRY
150;PRY
150;PRY
150;PRY
150;PRY
150;PRY
150;PRY
150;PRY
150;PRY
150;PRY
150;PRY
150;PRY
150;PRY
150;PRY
135;PER
135;PER
135;PER
135;PER
135;PER
135;PER
135;PER
135;PER
135;PER
135;PER
135;PER
135;PER
135;PER
135;PER
135;PER
135;PER
135;PER
135;PER
135;PER
135;PER
135;PER
135;PER
135;PER
135;PER
135;PER
135;PER
135;PER
135;PER
135;PER
135;PER
135;PER
135;PER
135;PER
135;PER
135;PER
135;PER
135;PER
135;PER
135;PER
135;PER
135;PER
135;PER
135;PER
135;PER
135;PER
135;PER
135;PER
135;PER
135;PER
135;PER
135;PER
135;PER
135;PER
135;PER
135;PER
135;PER
135;PER
135;PER
135;PER
135;PER
135;PER
135;PER
135;PER
840;PHL
840;PHL
840;PHL
840;PHL
840;PHL
840;PHL
840;PHL
840;PHL
840;PHL
840;PHL
840;PHL
840;PHL
840;PHL
840;PHL
840;PHL
840;PHL
840;PHL
840;PHL
840;PHL
840;PHL
840;PHL
840;PHL
840;PHL
840;PHL
840;PHL
840;PHL
840;PHL
840;PHL
840;PHL
840;PHL
840;PHL
840;PHL
840;PHL
840;PHL
840;PHL
840;PHL
840;PHL
840;PHL
840;PHL
840;PHL
840;PHL
840;PHL
840;PHL
840;PHL
840;PHL
840;PHL
840;PHL
840;PHL
840;PHL
840;PHL
840;PHL
840;PHL
840;PHL
840;PHL
840;PHL
840;PHL
840;PHL
840;PHL
840;PHL
840;PHL
840;PHL
840;PHL
840;PHL
290;POL
290;POL
290;POL
290;POL
290;POL
290;POL
290;POL
290;POL
290;POL
290;POL
290;POL
290;POL
290;POL
290;POL
290;POL
290;POL
290;POL
290;POL
290;POL
290;POL
290;POL
290;POL
290;POL
290;POL
290;POL
290;POL
290;POL
290;POL
290;POL
290;POL
290;POL
290;POL
290;POL
290;POL
290;POL
290;POL
290;POL
290;POL
290;POL
290;POL
290;POL
290;POL
290;POL
290;POL
290;POL
290;POL
290;POL
290;POL
290;POL
290;POL
290;POL
290;POL
290;POL
290;POL
290;POL
290;POL
290;POL
290;POL
290;POL
290;POL
290;POL
290;POL
290;POL
235;PRT
235;PRT
235;PRT
235;PRT
235;PRT
235;PRT
235;PRT
235;PRT
235;PRT
235;PRT
235;PRT
235;PRT
235;PRT
235;PRT
235;PRT
235;PRT
235;PRT
235;PRT
235;PRT
235;PRT
235;PRT
235;PRT
235;PRT
235;PRT
235;PRT
235;PRT
235;PRT
235;PRT
235;PRT
235;PRT
235;PRT
235;PRT
235;PRT
235;PRT
235;PRT
235;PRT
235;PRT
235;PRT
235;PRT
235;PRT
235;PRT
235;PRT
235;PRT
235;PRT
235;PRT
235;PRT
235;PRT
235;PRT
235;PRT
235;PRT
235;PRT
235;PRT
235;PRT
235;PRT
235;PRT
235;PRT
235;PRT
235;PRT
235;PRT
235;PRT
235;PRT
235;PRT
235;PRT
694;QAT
694;QAT
694;QAT
694;QAT
694;QAT
694;QAT
694;QAT
694;QAT
694;QAT
694;QAT
694;QAT
694;QAT
694;QAT
694;QAT
694;QAT
694;QAT
694;QAT
694;QAT
694;QAT
694;QAT
694;QAT
694;QAT
694;QAT
694;QAT
694;QAT
694;QAT
694;QAT
694;QAT
694;QAT
694;QAT
694;QAT
694;QAT
694;QAT
694;QAT
694;QAT
694;QAT
694;QAT
694;QAT
360;ROM
360;ROM
360;ROM
360;ROM
360;ROM
360;ROM
360;ROM
360;ROM
360;ROM
360;ROM
360;ROM
360;ROM
360;ROM
360;ROM
360;ROM
360;ROM
360;ROM
360;ROM
360;ROM
360;ROM
360;ROM
360;ROM
360;ROM
360;ROM
360;ROM
360;ROM
360;ROM
360;ROM
360;ROM
360;ROM
360;ROM
360;ROM
360;ROM
360;ROM
360;ROM
360;ROM
360;ROM
360;ROM
360;ROM
360;ROM
360;ROM
360;ROM
360;ROM
360;ROM
360;ROM
360;ROM
360;ROM
360;ROM
360;ROM
360;ROM
360;ROM
360;ROM
360;ROM
360;ROM
360;ROM
360;ROM
360;ROM
360;ROM
360;ROM
360;ROM
360;ROM
360;ROM
360;ROM
374;RUS
374;RUS
374;RUS
374;RUS
374;RUS
374;RUS
374;RUS
374;RUS
374;RUS
374;RUS
374;RUS
374;RUS
374;RUS
374;RUS
374;RUS
374;RUS
374;RUS
374;RUS
517;RWA
517;RWA
517;RWA
517;RWA
517;RWA
517;RWA
517;RWA
517;RWA
517;RWA
517;RWA
517;RWA
517;RWA
517;RWA
517;RWA
517;RWA
517;RWA
517;RWA
517;RWA
517;RWA
517;RWA
517;RWA
517;RWA
517;RWA
517;RWA
517;RWA
517;RWA
517;RWA
517;RWA
517;RWA
517;RWA
517;RWA
517;RWA
517;RWA
517;RWA
517;RWA
517;RWA
517;RWA
517;RWA
517;RWA
517;RWA
517;RWA
517;RWA
517;RWA
517;RWA
517;RWA
517;RWA
517;RWA
990;WSM
990;WSM
990;WSM
990;WSM
990;WSM
990;WSM
990;WSM
990;WSM
990;WSM
990;WSM
990;WSM
990;WSM
990;WSM
990;WSM
990;WSM
990;WSM
990;WSM
990;WSM
990;WSM
990;WSM
990;WSM
990;WSM
990;WSM
990;WSM
990;WSM
990;WSM
990;WSM
990;WSM
990;WSM
990;WSM
990;WSM
990;WSM
990;WSM
990;WSM
990;WSM
990;WSM
990;WSM
990;WSM
990;WSM
990;WSM
990;WSM
990;WSM
990;WSM
990;WSM
990;WSM
990;WSM
990;WSM
331;SMA
331;SMA
331;SMA
331;SMA
331;SMA
331;SMA
331;SMA
331;SMA
331;SMA
331;SMA
331;SMA
331;SMA
331;SMA
331;SMA
331;SMA
331;SMA
331;SMA
403;STP
403;STP
403;STP
403;STP
403;STP
403;STP
403;STP
403;STP
403;STP
403;STP
403;STP
403;STP
403;STP
403;STP
403;STP
403;STP
403;STP
403;STP
403;STP
403;STP
403;STP
403;STP
403;STP
403;STP
403;STP
403;STP
403;STP
403;STP
403;STP
403;STP
403;STP
403;STP
403;STP
403;STP
670;SAU
670;SAU
670;SAU
670;SAU
670;SAU
670;SAU
670;SAU
670;SAU
670;SAU
670;SAU
670;SAU
670;SAU
670;SAU
670;SAU
670;SAU
670;SAU
670;SAU
670;SAU
670;SAU
670;SAU
670;SAU
670;SAU
670;SAU
670;SAU
670;SAU
670;SAU
670;SAU
670;SAU
670;SAU
670;SAU
670;SAU
670;SAU
670;SAU
670;SAU
670;SAU
670;SAU
670;SAU
670;SAU
670;SAU
670;SAU
670;SAU
670;SAU
670;SAU
670;SAU
670;SAU
670;SAU
670;SAU
670;SAU
670;SAU
670;SAU
670;SAU
670;SAU
670;SAU
670;SAU
670;SAU
670;SAU
670;SAU
670;SAU
670;SAU
670;SAU
670;SAU
670;SAU
670;SAU
433;SEN
433;SEN
433;SEN
433;SEN
433;SEN
433;SEN
433;SEN
433;SEN
433;SEN
433;SEN
433;SEN
433;SEN
433;SEN
433;SEN
433;SEN
433;SEN
433;SEN
433;SEN
433;SEN
433;SEN
433;SEN
433;SEN
433;SEN
433;SEN
433;SEN
433;SEN
433;SEN
433;SEN
433;SEN
433;SEN
433;SEN
433;SEN
433;SEN
433;SEN
433;SEN
433;SEN
433;SEN
433;SEN
433;SEN
433;SEN
433;SEN
433;SEN
433;SEN
433;SEN
433;SEN
433;SEN
433;SEN
433;SEN
433;SEN
342;SEN
342;SEN
342;SEN
347;SEN
347;SEN
347;SEN
347;SEN
347;SEN
347;SEN
347;SEN
347;SEN
347;SEN
347;SEN
347;SEN
347;SEN
347;SEN
347;SEN
347;SEN
591;SYC
591;SYC
591;SYC
591;SYC
591;SYC
591;SYC
591;SYC
591;SYC
591;SYC
591;SYC
591;SYC
591;SYC
591;SYC
591;SYC
591;SYC
591;SYC
591;SYC
591;SYC
591;SYC
591;SYC
591;SYC
591;SYC
591;SYC
591;SYC
591;SYC
591;SYC
591;SYC
591;SYC
591;SYC
591;SYC
591;SYC
591;SYC
591;SYC
451;SLE
451;SLE
451;SLE
451;SLE
451;SLE
451;SLE
451;SLE
451;SLE
451;SLE
451;SLE
451;SLE
451;SLE
451;SLE
451;SLE
451;SLE
451;SLE
451;SLE
451;SLE
451;SLE
451;SLE
451;SLE
451;SLE
451;SLE
451;SLE
451;SLE
451;SLE
451;SLE
451;SLE
451;SLE
451;SLE
451;SLE
451;SLE
451;SLE
451;SLE
451;SLE
451;SLE
451;SLE
451;SLE
451;SLE
451;SLE
451;SLE
451;SLE
451;SLE
451;SLE
451;SLE
451;SLE
451;SLE
451;SLE
830;SGP
830;SGP
830;SGP
830;SGP
830;SGP
830;SGP
830;SGP
830;SGP
830;SGP
830;SGP
830;SGP
830;SGP
830;SGP
830;SGP
830;SGP
830;SGP
830;SGP
830;SGP
830;SGP
830;SGP
830;SGP
830;SGP
830;SGP
830;SGP
830;SGP
830;SGP
830;SGP
830;SGP
830;SGP
830;SGP
830;SGP
830;SGP
830;SGP
830;SGP
830;SGP
830;SGP
830;SGP
830;SGP
830;SGP
830;SGP
830;SGP
830;SGP
830;SGP
830;SGP
317;SVK
317;SVK
317;SVK
317;SVK
317;SVK
317;SVK
317;SVK
317;SVK
317;SVK
317;SVK
317;SVK
317;SVK
317;SVK
317;SVK
317;SVK
317;SVK
349;SVN
349;SVN
349;SVN
349;SVN
349;SVN
349;SVN
349;SVN
349;SVN
349;SVN
349;SVN
349;SVN
349;SVN
349;SVN
349;SVN
349;SVN
349;SVN
349;SVN
349;SVN
940;SLB
940;SLB
940;SLB
940;SLB
940;SLB
940;SLB
940;SLB
940;SLB
940;SLB
940;SLB
940;SLB
940;SLB
940;SLB
940;SLB
940;SLB
940;SLB
940;SLB
940;SLB
940;SLB
940;SLB
940;SLB
940;SLB
940;SLB
940;SLB
940;SLB
940;SLB
940;SLB
940;SLB
940;SLB
940;SLB
940;SLB
520;SOM
520;SOM
520;SOM
520;SOM
520;SOM
520;SOM
520;SOM
520;SOM
520;SOM
520;SOM
520;SOM
520;SOM
520;SOM
520;SOM
520;SOM
520;SOM
520;SOM
520;SOM
520;SOM
520;SOM
520;SOM
520;SOM
520;SOM
520;SOM
520;SOM
520;SOM
520;SOM
520;SOM
520;SOM
520;SOM
520;SOM
520;SOM
520;SOM
520;SOM
520;SOM
520;SOM
520;SOM
520;SOM
520;SOM
520;SOM
520;SOM
520;SOM
520;SOM
520;SOM
520;SOM
520;SOM
520;SOM
520;SOM
520;SOM
560;ZAF
560;ZAF
560;ZAF
560;ZAF
560;ZAF
560;ZAF
560;ZAF
560;ZAF
560;ZAF
560;ZAF
560;ZAF
560;ZAF
560;ZAF
560;ZAF
560;ZAF
560;ZAF
560;ZAF
560;ZAF
560;ZAF
560;ZAF
560;ZAF
560;ZAF
560;ZAF
560;ZAF
560;ZAF
560;ZAF
560;ZAF
560;ZAF
560;ZAF
560;ZAF
560;ZAF
560;ZAF
560;ZAF
560;ZAF
560;ZAF
560;ZAF
560;ZAF
560;ZAF
560;ZAF
560;ZAF
560;ZAF
560;ZAF
560;ZAF
560;ZAF
560;ZAF
560;ZAF
560;ZAF
560;ZAF
560;ZAF
560;ZAF
560;ZAF
560;ZAF
560;ZAF
560;ZAF
560;ZAF
560;ZAF
560;ZAF
560;ZAF
560;ZAF
560;ZAF
560;ZAF
560;ZAF
560;ZAF
732;KOR
732;KOR
732;KOR
732;KOR
732;KOR
732;KOR
732;KOR
732;KOR
732;KOR
732;KOR
732;KOR
732;KOR
732;KOR
732;KOR
732;KOR
732;KOR
732;KOR
732;KOR
732;KOR
732;KOR
732;KOR
732;KOR
732;KOR
732;KOR
732;KOR
732;KOR
732;KOR
732;KOR
732;KOR
732;KOR
732;KOR
732;KOR
732;KOR
732;KOR
732;KOR
732;KOR
732;KOR
732;KOR
732;KOR
732;KOR
732;KOR
732;KOR
732;KOR
732;KOR
732;KOR
732;KOR
732;KOR
732;KOR
732;KOR
732;KOR
732;KOR
732;KOR
732;KOR
732;KOR
732;KOR
732;KOR
732;KOR
732;KOR
732;KOR
732;KOR
732;KOR
230;ESP
230;ESP
230;ESP
230;ESP
230;ESP
230;ESP
230;ESP
230;ESP
230;ESP
230;ESP
230;ESP
230;ESP
230;ESP
230;ESP
230;ESP
230;ESP
230;ESP
230;ESP
230;ESP
230;ESP
230;ESP
230;ESP
230;ESP
230;ESP
230;ESP
230;ESP
230;ESP
230;ESP
230;ESP
230;ESP
230;ESP
230;ESP
230;ESP
230;ESP
230;ESP
230;ESP
230;ESP
230;ESP
230;ESP
230;ESP
230;ESP
230;ESP
230;ESP
230;ESP
230;ESP
230;ESP
230;ESP
230;ESP
230;ESP
230;ESP
230;ESP
230;ESP
230;ESP
230;ESP
230;ESP
230;ESP
230;ESP
230;ESP
230;ESP
230;ESP
230;ESP
230;ESP
230;ESP
780;LKA
780;LKA
780;LKA
780;LKA
780;LKA
780;LKA
780;LKA
780;LKA
780;LKA
780;LKA
780;LKA
780;LKA
780;LKA
780;LKA
780;LKA
780;LKA
780;LKA
780;LKA
780;LKA
780;LKA
780;LKA
780;LKA
780;LKA
780;LKA
780;LKA
780;LKA
780;LKA
780;LKA
780;LKA
780;LKA
780;LKA
780;LKA
780;LKA
780;LKA
780;LKA
780;LKA
780;LKA
780;LKA
780;LKA
780;LKA
780;LKA
780;LKA
780;LKA
780;LKA
780;LKA
780;LKA
780;LKA
780;LKA
780;LKA
780;LKA
780;LKA
780;LKA
780;LKA
780;LKA
780;LKA
780;LKA
780;LKA
780;LKA
780;LKA
780;LKA
780;LKA
60;KNA
60;KNA
60;KNA
60;KNA
60;KNA
60;KNA
60;KNA
60;KNA
60;KNA
60;KNA
60;KNA
60;KNA
60;KNA
60;KNA
60;KNA
60;KNA
60;KNA
60;KNA
60;KNA
60;KNA
60;KNA
60;KNA
60;KNA
60;KNA
60;KNA
60;KNA
56;LCA
56;LCA
56;LCA
56;LCA
56;LCA
56;LCA
56;LCA
56;LCA
56;LCA
56;LCA
56;LCA
56;LCA
56;LCA
56;LCA
56;LCA
56;LCA
56;LCA
56;LCA
56;LCA
56;LCA
56;LCA
56;LCA
56;LCA
56;LCA
56;LCA
56;LCA
56;LCA
56;LCA
56;LCA
56;LCA
57;VCT
57;VCT
57;VCT
57;VCT
57;VCT
57;VCT
57;VCT
57;VCT
57;VCT
57;VCT
57;VCT
57;VCT
57;VCT
57;VCT
57;VCT
57;VCT
57;VCT
57;VCT
57;VCT
57;VCT
57;VCT
57;VCT
57;VCT
57;VCT
57;VCT
57;VCT
57;VCT
57;VCT
57;VCT
57;VCT
625;SDN
625;SDN
625;SDN
625;SDN
625;SDN
625;SDN
625;SDN
625;SDN
625;SDN
625;SDN
625;SDN
625;SDN
625;SDN
625;SDN
625;SDN
625;SDN
625;SDN
625;SDN
625;SDN
625;SDN
625;SDN
625;SDN
625;SDN
625;SDN
625;SDN
625;SDN
625;SDN
625;SDN
625;SDN
625;SDN
625;SDN
625;SDN
625;SDN
625;SDN
625;SDN
625;SDN
625;SDN
625;SDN
625;SDN
625;SDN
625;SDN
625;SDN
625;SDN
625;SDN
625;SDN
625;SDN
625;SDN
625;SDN
625;SDN
625;SDN
625;SDN
625;SDN
625;SDN
115;SUR
115;SUR
115;SUR
115;SUR
115;SUR
115;SUR
115;SUR
115;SUR
115;SUR
115;SUR
115;SUR
115;SUR
115;SUR
115;SUR
115;SUR
115;SUR
115;SUR
115;SUR
115;SUR
115;SUR
115;SUR
115;SUR
115;SUR
115;SUR
115;SUR
115;SUR
115;SUR
115;SUR
115;SUR
115;SUR
115;SUR
115;SUR
115;SUR
115;SUR
572;SWZ
572;SWZ
572;SWZ
572;SWZ
572;SWZ
572;SWZ
572;SWZ
572;SWZ
572;SWZ
572;SWZ
572;SWZ
572;SWZ
572;SWZ
572;SWZ
572;SWZ
572;SWZ
572;SWZ
572;SWZ
572;SWZ
572;SWZ
572;SWZ
572;SWZ
572;SWZ
572;SWZ
572;SWZ
572;SWZ
572;SWZ
572;SWZ
572;SWZ
572;SWZ
572;SWZ
572;SWZ
572;SWZ
572;SWZ
572;SWZ
572;SWZ
572;SWZ
572;SWZ
572;SWZ
572;SWZ
572;SWZ
380;SWE
380;SWE
380;SWE
380;SWE
380;SWE
380;SWE
380;SWE
380;SWE
380;SWE
380;SWE
380;SWE
380;SWE
380;SWE
380;SWE
380;SWE
380;SWE
380;SWE
380;SWE
380;SWE
380;SWE
380;SWE
380;SWE
380;SWE
380;SWE
380;SWE
380;SWE
380;SWE
380;SWE
380;SWE
380;SWE
380;SWE
380;SWE
380;SWE
380;SWE
380;SWE
380;SWE
380;SWE
380;SWE
380;SWE
380;SWE
380;SWE
380;SWE
380;SWE
380;SWE
380;SWE
380;SWE
380;SWE
380;SWE
380;SWE
380;SWE
380;SWE
380;SWE
380;SWE
380;SWE
380;SWE
380;SWE
380;SWE
380;SWE
380;SWE
380;SWE
380;SWE
380;SWE
380;SWE
225;CHE
225;CHE
225;CHE
225;CHE
225;CHE
225;CHE
225;CHE
225;CHE
225;CHE
225;CHE
225;CHE
225;CHE
225;CHE
225;CHE
225;CHE
225;CHE
225;CHE
225;CHE
225;CHE
225;CHE
225;CHE
225;CHE
225;CHE
225;CHE
225;CHE
225;CHE
225;CHE
225;CHE
225;CHE
225;CHE
225;CHE
225;CHE
225;CHE
225;CHE
225;CHE
225;CHE
225;CHE
225;CHE
225;CHE
225;CHE
225;CHE
225;CHE
225;CHE
225;CHE
225;CHE
225;CHE
225;CHE
225;CHE
225;CHE
225;CHE
225;CHE
225;CHE
225;CHE
225;CHE
225;CHE
225;CHE
225;CHE
225;CHE
225;CHE
225;CHE
225;CHE
225;CHE
225;CHE
652;SYR
652;SYR
652;SYR
652;SYR
652;SYR
652;SYR
652;SYR
652;SYR
652;SYR
652;SYR
652;SYR
652;SYR
652;SYR
652;SYR
652;SYR
652;SYR
652;SYR
652;SYR
652;SYR
652;SYR
652;SYR
652;SYR
652;SYR
652;SYR
652;SYR
652;SYR
652;SYR
652;SYR
652;SYR
652;SYR
652;SYR
652;SYR
652;SYR
652;SYR
652;SYR
652;SYR
652;SYR
652;SYR
652;SYR
652;SYR
652;SYR
652;SYR
652;SYR
652;SYR
652;SYR
652;SYR
652;SYR
652;SYR
652;SYR
652;SYR
652;SYR
652;SYR
652;SYR
652;SYR
652;SYR
652;SYR
652;SYR
652;SYR
652;SYR
652;SYR
652;SYR
652;SYR
652;SYR
713;TAW
713;TAW
713;TAW
713;TAW
713;TAW
713;TAW
713;TAW
713;TAW
713;TAW
713;TAW
713;TAW
713;TAW
713;TAW
713;TAW
713;TAW
713;TAW
713;TAW
713;TAW
713;TAW
713;TAW
713;TAW
713;TAW
713;TAW
713;TAW
713;TAW
713;TAW
713;TAW
713;TAW
713;TAW
713;TAW
713;TAW
713;TAW
713;TAW
713;TAW
713;TAW
713;TAW
713;TAW
713;TAW
713;TAW
713;TAW
713;TAW
713;TAW
713;TAW
713;TAW
713;TAW
713;TAW
713;TAW
713;TAW
713;TAW
713;TAW
713;TAW
713;TAW
713;TAW
713;TAW
713;TAW
713;TAW
713;TAW
713;TAW
713;TAW
713;TAW
702;TJK
702;TJK
702;TJK
702;TJK
702;TJK
702;TJK
702;TJK
702;TJK
702;TJK
702;TJK
702;TJK
702;TJK
702;TJK
702;TJK
702;TJK
702;TJK
702;TJK
702;TJK
510;TZA
510;TZA
510;TZA
510;TZA
510;TZA
510;TZA
510;TZA
510;TZA
510;TZA
510;TZA
510;TZA
510;TZA
510;TZA
510;TZA
510;TZA
510;TZA
510;TZA
510;TZA
510;TZA
510;TZA
510;TZA
510;TZA
510;TZA
510;TZA
510;TZA
510;TZA
510;TZA
510;TZA
510;TZA
510;TZA
510;TZA
510;TZA
510;TZA
510;TZA
510;TZA
510;TZA
510;TZA
510;TZA
510;TZA
510;TZA
510;TZA
510;TZA
510;TZA
510;TZA
510;TZA
510;TZA
510;TZA
510;TZA
800;THA
800;THA
800;THA
800;THA
800;THA
800;THA
800;THA
800;THA
800;THA
800;THA
800;THA
800;THA
800;THA
800;THA
800;THA
800;THA
800;THA
800;THA
800;THA
800;THA
800;THA
800;THA
800;THA
800;THA
800;THA
800;THA
800;THA
800;THA
800;THA
800;THA
800;THA
800;THA
800;THA
800;THA
800;THA
800;THA
800;THA
800;THA
800;THA
800;THA
800;THA
800;THA
800;THA
800;THA
800;THA
800;THA
800;THA
800;THA
800;THA
800;THA
800;THA
800;THA
800;THA
800;THA
800;THA
800;THA
800;THA
800;THA
800;THA
800;THA
800;THA
800;THA
800;THA
461;TGO
461;TGO
461;TGO
461;TGO
461;TGO
461;TGO
461;TGO
461;TGO
461;TGO
461;TGO
461;TGO
461;TGO
461;TGO
461;TGO
461;TGO
461;TGO
461;TGO
461;TGO
461;TGO
461;TGO
461;TGO
461;TGO
461;TGO
461;TGO
461;TGO
461;TGO
461;TGO
461;TGO
461;TGO
461;TGO
461;TGO
461;TGO
461;TGO
461;TGO
461;TGO
461;TGO
461;TGO
461;TGO
461;TGO
461;TGO
461;TGO
461;TGO
461;TGO
461;TGO
461;TGO
461;TGO
461;TGO
461;TGO
461;TGO
955;TON
955;TON
955;TON
955;TON
955;TON
955;TON
955;TON
955;TON
955;TON
955;TON
955;TON
955;TON
955;TON
955;TON
955;TON
955;TON
955;TON
955;TON
955;TON
955;TON
955;TON
955;TON
955;TON
955;TON
955;TON
955;TON
955;TON
955;TON
955;TON
955;TON
955;TON
955;TON
955;TON
955;TON
955;TON
955;TON
955;TON
955;TON
955;TON
52;TTO
52;TTO
52;TTO
52;TTO
52;TTO
52;TTO
52;TTO
52;TTO
52;TTO
52;TTO
52;TTO
52;TTO
52;TTO
52;TTO
52;TTO
52;TTO
52;TTO
52;TTO
52;TTO
52;TTO
52;TTO
52;TTO
52;TTO
52;TTO
52;TTO
52;TTO
52;TTO
52;TTO
52;TTO
52;TTO
52;TTO
52;TTO
52;TTO
52;TTO
52;TTO
52;TTO
52;TTO
52;TTO
52;TTO
52;TTO
52;TTO
52;TTO
52;TTO
52;TTO
52;TTO
52;TTO
52;TTO
616;TUN
616;TUN
616;TUN
616;TUN
616;TUN
616;TUN
616;TUN
616;TUN
616;TUN
616;TUN
616;TUN
616;TUN
616;TUN
616;TUN
616;TUN
616;TUN
616;TUN
616;TUN
616;TUN
616;TUN
616;TUN
616;TUN
616;TUN
616;TUN
616;TUN
616;TUN
616;TUN
616;TUN
616;TUN
616;TUN
616;TUN
616;TUN
616;TUN
616;TUN
616;TUN
616;TUN
616;TUN
616;TUN
616;TUN
616;TUN
616;TUN
616;TUN
616;TUN
616;TUN
616;TUN
616;TUN
616;TUN
616;TUN
616;TUN
616;TUN
616;TUN
616;TUN
616;TUN
640;TUR
640;TUR
640;TUR
640;TUR
640;TUR
640;TUR
640;TUR
640;TUR
640;TUR
640;TUR
640;TUR
640;TUR
640;TUR
640;TUR
640;TUR
640;TUR
640;TUR
640;TUR
640;TUR
640;TUR
640;TUR
640;TUR
640;TUR
640;TUR
640;TUR
640;TUR
640;TUR
640;TUR
640;TUR
640;TUR
640;TUR
640;TUR
640;TUR
640;TUR
640;TUR
640;TUR
640;TUR
640;TUR
640;TUR
640;TUR
640;TUR
640;TUR
640;TUR
640;TUR
640;TUR
640;TUR
640;TUR
640;TUR
640;TUR
640;TUR
640;TUR
640;TUR
640;TUR
640;TUR
640;TUR
640;TUR
640;TUR
640;TUR
640;TUR
640;TUR
640;TUR
640;TUR
640;TUR
701;TKM
701;TKM
701;TKM
701;TKM
701;TKM
701;TKM
701;TKM
701;TKM
701;TKM
701;TKM
701;TKM
701;TKM
701;TKM
701;TKM
701;TKM
701;TKM
701;TKM
701;TKM
947;TVA
947;TVA
947;TVA
947;TVA
947;TVA
947;TVA
947;TVA
947;TVA
947;TVA
947;TVA
947;TVA
947;TVA
947;TVA
947;TVA
947;TVA
947;TVA
947;TVA
947;TVA
947;TVA
947;TVA
947;TVA
947;TVA
947;TVA
947;TVA
947;TVA
947;TVA
947;TVA
947;TVA
947;TVA
947;TVA
947;TVA
365;SVU
365;SVU
365;SVU
365;SVU
365;SVU
365;SVU
365;SVU
365;SVU
365;SVU
365;SVU
365;SVU
365;SVU
365;SVU
365;SVU
365;SVU
365;SVU
365;SVU
365;SVU
365;SVU
365;SVU
365;SVU
365;SVU
365;SVU
365;SVU
365;SVU
365;SVU
365;SVU
365;SVU
365;SVU
365;SVU
365;SVU
365;SVU
365;SVU
365;SVU
365;SVU
365;SVU
365;SVU
365;SVU
365;SVU
365;SVU
365;SVU
365;SVU
365;SVU
365;SVU
365;SVU
500;UGA
500;UGA
500;UGA
500;UGA
500;UGA
500;UGA
500;UGA
500;UGA
500;UGA
500;UGA
500;UGA
500;UGA
500;UGA
500;UGA
500;UGA
500;UGA
500;UGA
500;UGA
500;UGA
500;UGA
500;UGA
500;UGA
500;UGA
500;UGA
500;UGA
500;UGA
500;UGA
500;UGA
500;UGA
500;UGA
500;UGA
500;UGA
500;UGA
500;UGA
500;UGA
500;UGA
500;UGA
500;UGA
500;UGA
500;UGA
500;UGA
500;UGA
500;UGA
500;UGA
500;UGA
500;UGA
500;UGA
369;UKR
369;UKR
369;UKR
369;UKR
369;UKR
369;UKR
369;UKR
369;UKR
369;UKR
369;UKR
369;UKR
369;UKR
369;UKR
369;UKR
369;UKR
369;UKR
369;UKR
369;UKR
696;ARE
696;ARE
696;ARE
696;ARE
696;ARE
696;ARE
696;ARE
696;ARE
696;ARE
696;ARE
696;ARE
696;ARE
696;ARE
696;ARE
696;ARE
696;ARE
696;ARE
696;ARE
696;ARE
696;ARE
696;ARE
696;ARE
696;ARE
696;ARE
696;ARE
696;ARE
696;ARE
696;ARE
696;ARE
696;ARE
696;ARE
696;ARE
696;ARE
696;ARE
696;ARE
696;ARE
696;ARE
696;ARE
200;GBR
200;GBR
200;GBR
200;GBR
200;GBR
200;GBR
200;GBR
200;GBR
200;GBR
200;GBR
200;GBR
200;GBR
200;GBR
200;GBR
200;GBR
200;GBR
200;GBR
200;GBR
200;GBR
200;GBR
200;GBR
200;GBR
200;GBR
200;GBR
200;GBR
200;GBR
200;GBR
200;GBR
200;GBR
200;GBR
200;GBR
200;GBR
200;GBR
200;GBR
200;GBR
200;GBR
200;GBR
200;GBR
200;GBR
200;GBR
200;GBR
200;GBR
200;GBR
200;GBR
200;GBR
200;GBR
200;GBR
200;GBR
200;GBR
200;GBR
200;GBR
200;GBR
200;GBR
200;GBR
200;GBR
200;GBR
200;GBR
200;GBR
200;GBR
200;GBR
200;GBR
200;GBR
200;GBR
2;USA
2;USA
2;USA
2;USA
2;USA
2;USA
2;USA
2;USA
2;USA
2;USA
2;USA
2;USA
2;USA
2;USA
2;USA
2;USA
2;USA
2;USA
2;USA
2;USA
2;USA
2;USA
2;USA
2;USA
2;USA
2;USA
2;USA
2;USA
2;USA
2;USA
2;USA
2;USA
2;USA
2;USA
2;USA
2;USA
2;USA
2;USA
2;USA
2;USA
2;USA
2;USA
2;USA
2;USA
2;USA
2;USA
2;USA
2;USA
2;USA
2;USA
2;USA
2;USA
2;USA
2;USA
2;USA
2;USA
2;USA
2;USA
2;USA
2;USA
2;USA
2;USA
2;USA
165;URY
165;URY
165;URY
165;URY
165;URY
165;URY
165;URY
165;URY
165;URY
165;URY
165;URY
165;URY
165;URY
165;URY
165;URY
165;URY
165;URY
165;URY
165;URY
165;URY
165;URY
165;URY
165;URY
165;URY
165;URY
165;URY
165;URY
165;URY
165;URY
165;URY
165;URY
165;URY
165;URY
165;URY
165;URY
165;URY
165;URY
165;URY
165;URY
165;URY
165;URY
165;URY
165;URY
165;URY
165;URY
165;URY
165;URY
165;URY
165;URY
165;URY
165;URY
165;URY
165;URY
165;URY
165;URY
165;URY
165;URY
165;URY
165;URY
165;URY
165;URY
165;URY
165;URY
704;UZB
704;UZB
704;UZB
704;UZB
704;UZB
704;UZB
704;UZB
704;UZB
704;UZB
704;UZB
704;UZB
704;UZB
704;UZB
704;UZB
704;UZB
704;UZB
704;UZB
704;UZB
935;VUT
935;VUT
935;VUT
935;VUT
935;VUT
935;VUT
935;VUT
935;VUT
935;VUT
935;VUT
935;VUT
935;VUT
935;VUT
935;VUT
935;VUT
935;VUT
935;VUT
935;VUT
935;VUT
935;VUT
935;VUT
935;VUT
935;VUT
935;VUT
935;VUT
935;VUT
935;VUT
935;VUT
935;VUT
101;VEN
101;VEN
101;VEN
101;VEN
101;VEN
101;VEN
101;VEN
101;VEN
101;VEN
101;VEN
101;VEN
101;VEN
101;VEN
101;VEN
101;VEN
101;VEN
101;VEN
101;VEN
101;VEN
101;VEN
101;VEN
101;VEN
101;VEN
101;VEN
101;VEN
101;VEN
101;VEN
101;VEN
101;VEN
101;VEN
101;VEN
101;VEN
101;VEN
101;VEN
101;VEN
101;VEN
101;VEN
101;VEN
101;VEN
101;VEN
101;VEN
101;VEN
101;VEN
101;VEN
101;VEN
101;VEN
101;VEN
101;VEN
101;VEN
101;VEN
101;VEN
101;VEN
101;VEN
101;VEN
101;VEN
101;VEN
101;VEN
101;VEN
101;VEN
101;VEN
101;VEN
101;VEN
101;VEN
818;VNM
818;VNM
818;VNM
818;VNM
818;VNM
818;VNM
818;VNM
818;VNM
818;VNM
818;VNM
818;VNM
818;VNM
818;VNM
818;VNM
818;VNM
818;VNM
818;VNM
818;VNM
818;VNM
818;VNM
818;VNM
818;VNM
818;VNM
818;VNM
818;VNM
818;VNM
818;VNM
818;VNM
818;VNM
818;VNM
818;VNM
818;VNM
818;VNM
816;VNO
816;VNO
816;VNO
816;VNO
816;VNO
816;VNO
816;VNO
816;VNO
816;VNO
816;VNO
816;VNO
816;VNO
816;VNO
816;VNO
816;VNO
816;VNO
816;VNO
816;VNO
816;VNO
816;VNO
816;VNO
816;VNO
817;VSO
817;VSO
817;VSO
817;VSO
817;VSO
817;VSO
817;VSO
817;VSO
817;VSO
817;VSO
817;VSO
817;VSO
817;VSO
817;VSO
817;VSO
817;VSO
817;VSO
817;VSO
817;VSO
817;VSO
817;VSO
817;VSO
679;YEM
679;YEM
679;YEM
679;YEM
679;YEM
679;YEM
679;YEM
679;YEM
679;YEM
679;YEM
679;YEM
679;YEM
679;YEM
679;YEM
679;YEM
679;YEM
679;YEM
679;YEM
679;YEM
678;YNO
678;YNO
678;YNO
678;YNO
678;YNO
678;YNO
678;YNO
678;YNO
678;YNO
678;YNO
678;YNO
678;YNO
678;YNO
678;YNO
678;YNO
678;YNO
678;YNO
678;YNO
678;YNO
678;YNO
678;YNO
678;YNO
678;YNO
678;YNO
678;YNO
678;YNO
678;YNO
678;YNO
678;YNO
678;YNO
678;YNO
678;YNO
678;YNO
678;YNO
678;YNO
678;YNO
678;YNO
678;YNO
678;YNO
678;YNO
678;YNO
678;YNO
678;YNO
678;YNO
680;YSO
680;YSO
680;YSO
680;YSO
680;YSO
680;YSO
680;YSO
680;YSO
680;YSO
680;YSO
680;YSO
680;YSO
680;YSO
680;YSO
680;YSO
680;YSO
680;YSO
680;YSO
680;YSO
680;YSO
680;YSO
680;YSO
680;YSO
345;YUG
345;YUG
345;YUG
345;YUG
345;YUG
345;YUG
345;YUG
345;YUG
345;YUG
345;YUG
345;YUG
345;YUG
345;YUG
345;YUG
345;YUG
345;YUG
345;YUG
345;YUG
345;YUG
345;YUG
345;YUG
345;YUG
345;YUG
345;YUG
345;YUG
345;YUG
345;YUG
345;YUG
345;YUG
345;YUG
345;YUG
345;YUG
345;YUG
345;YUG
345;YUG
345;YUG
345;YUG
345;YUG
345;YUG
345;YUG
345;YUG
345;YUG
345;YUG
345;YUG
345;YUG
551;ZMB
551;ZMB
551;ZMB
551;ZMB
551;ZMB
551;ZMB
551;ZMB
551;ZMB
551;ZMB
551;ZMB
551;ZMB
551;ZMB
551;ZMB
551;ZMB
551;ZMB
551;ZMB
551;ZMB
551;ZMB
551;ZMB
551;ZMB
551;ZMB
551;ZMB
551;ZMB
551;ZMB
551;ZMB
551;ZMB
551;ZMB
551;ZMB
551;ZMB
551;ZMB
551;ZMB
551;ZMB
551;ZMB
551;ZMB
551;ZMB
551;ZMB
551;ZMB
551;ZMB
551;ZMB
551;ZMB
551;ZMB
551;ZMB
551;ZMB
551;ZMB
551;ZMB
552;ZWE
552;ZWE
552;ZWE
552;ZWE
552;ZWE
552;ZWE
552;ZWE
552;ZWE
552;ZWE
552;ZWE
552;ZWE
552;ZWE
552;ZWE
552;ZWE
552;ZWE
552;ZWE
552;ZWE
552;ZWE
552;ZWE
552;ZWE
552;ZWE
552;ZWE
552;ZWE
552;ZWE
552;ZWE
552;ZWE
552;ZWE
552;ZWE
552;ZWE
552;ZWE
552;ZWE
552;ZWE
552;ZWE
552;ZWE
552;ZWE
552;ZWE
552;ZWE
552;ZWE
552;ZWE
552;ZWE
552;ZWE
552;ZWE
552;ZWE
552;ZWE
